identifiant;nom_etablissement;annee;prelevements_eaux_souterraines;prelevements_eaux_surface;prelevements_reseau_distribution;prelevements_mer
0006504341;RENAULT;2019;90532;4448;17677;
0006802818;AEROPORT de Toulouse Blagnac;2019;8654;;;
0022200020;RHUMS MARTINIQUAIS SAINT JAMES;2019;;69740;10091;
0006104379;ARKEMA USINE DE LA CHAMBRE;2019;5702080;4975423;5876;
0006401040;IMERYS Aluminates SA;2019;;128775;139361;
0053600674;LEROUGE OLIVIER;2019;9500;;3000;
0005503400;COOPERL ARC ATLANTIQUE;2019;16644;;6860;
0006301288;FROMAGERIES PERREAULT;2019;;;161336;
0052200488;SARL DE GASTRY;2019;8000;;;
0006300907;LAITERIE SAINT PERE;2019;95614;;269628;
0056101541;ATEMAX FRANCE;2019;;;63164;
0007000846;MC CAIN ALIMENTAIRE;2019;1521994;;3453;
0024600028;INDUSTEEL FRANCE site du Creusot (Secteur Creusot);2019;;;295534;
0005426365;SABLIERES COGNARD SAS;2019;;10938;;
0006804399;SAS PIERRE FABRE DERMO-COSMETIQUE;2019;;7945;99261;
0006201722;AIR LIQUIDE FRANCE INDUSTRIE (ALFI);2019;77578;;41469;
0005301505;ACOME;2019;34111;;14252;
0006404923;Air Liquide France Industrie;2019;;;79745;
0007001960;MALTERIES FRANCO-BELGES (St Saulve);2019;213416;;;
0006802463;RODEZ ABATTOIR;2019;;;54284;
0006401056;TOTAL RAFFINAGE FRANCE;2019;2447807;856135;58222;
0005401254;APERAM ALLOYS IMPHY;2019;;518630;34514;
0007000683;ALVANCE ALUMINIUM DUNKERQUE SAS;2019;;201512;59648;
0007100063;ILEVA;2019;;;66373;
0006300989;FLEURY MICHON LS;2019;;;108727;
0009000024;BA 125 Istres;2019;495410;;;
0006300678;GSM (ex CEMEX Granulats);2019;;29743;;
0005518409;GROUPE SODIAAL B;2019;;;778427;
0056700330;HERTA;2019;;214115;;
0054200985;STEPHANOISE D'ABATTAGE;2019;583;;180941;
0006803840;SAS Robert BOSCH;2019;;;54975;
0006400503;ROUSSELOT Isle sur Sorgue SAS;2019;45181;7594294;58977;
0007402241;UNITE PLACOPLATRE;2019;272655;;48898;
0055600800;CADF SA;2019;225110;0;10341;0
0009069910;EDF - CNPE de Nogent-sur-Seine;2019;263000;132040000;;
0006102965;CEA GRENOBLE;2019;4476587;;210204;
0050100066;FROMAGERIE GUILLOTEAU;2019;;;86494;
0053000374;DUC (SA);2019;;;124221;
0005100096;MATERNE;2019;;;281027;
0006600600;GSM;2019;30927;;;
0005209347;SOBEGI SAS;2019;;8737700;73600;
0005201262;ARIANEGROUP;2019;48385;;1244;
0006200869;ANETT ARDENNES;2019;25669;;;
0054401867;COVI SAS;2019;;;258510;
0005701132;FONTE ARDENNAISE FA5;2019;22377;;9927;
0009077201;STEP - LE MANS - La Chauvinière;2019;41242;;63463;
0007000728;AIR LIQUIDE FRANCE INDUSTRIE;2019;;1050804;29712;
0006700513;BUTACHIMIE;2019;28901624;4693205;57974;
0007204429;Martell Gatebourse- Vigerie;2019;20043;;;
0005701344;ENTREMONT SODIAAL;2019;;;183278;
0007003322;RYSSEN ALCOOLS SAS;2019;;165393;59699;
0056401304;LINDT ET SPRUNGLI SAS;2019;0;1052836;66438;0
0005201222;ETEX FRANCE BUILDING PERFORMANCE;2019;;;108000;
0005100114;TEREOS FRANCE (BUCY);2019;14831;2282126;5996;
0007002546;ROQUETTE Frères;2019;34009;11699010;263426;
0006801867;SAS JEAN RUP ET FILS SABLES & GRAVIERS;2019;74415;;;
0057201662;LDC;2019;;;477006;
0005600328;MFP MICHELIN - Site de Cataroux;2019;685;0;281341;0
0006102031;ARCELOR MITTAL WIRE FRANCE;2019;421084;;13682;
0059100019;EGGTEAM SAS;2019;14000;;;
0005501580;CDL SAS;2019;103662;;;
0009069909;EDF - CNPE de Chooz;2019;;133034832;;
0005202193;SAS LES JUS DU SOLEIL;2019;;102322;54000;
0006700583;RICOH INDUSTRIE FRANCE;2019;70984;;54446;
0006301423;LACTALIS NESTLE ULTRA-FRAIS MARQUES SA;2019;;;313313;
0005204674;DRAGAGES PONT DE LESCAR S.A.S;2019;121944;;;
0006400402;SAINT-GOBAIN ISOVER;2019;460473;;3083;
0052904385;CONSERVERIE CHANCERELLE (usine Thon);2019;33876;;40139;
0005600334;CRISTAL UNION;2019;;136099;1568;
0052904512;FARMOR Etablissement de Quimper;2019;161287;;32383;
0007000785;EQIOM Cimenterie de Lumbres;2019;297608;;;
0053502861;SARL SELECT PORC;2019;13305;;;
0009069915;EDF - CNPE de Saint-Alban;2019;;3784082940;;
0006201757;SNF SA;2019;;;63875;
0006700668;BLUE PAPER;2019;4635440;;;
0006500067;SCBV;2019;157365;;;
0006301416;CANDIA;2019;247587;;3624;
0007005038;WEPA FRANCE;2019;;660556;7560;
0006700073;Gravières d'Alsace Lorraine;2019;220000;;;
0007001673;DURAND PRODUCTION;2019;58366;0;509;0
0006506514;IVRY PARIS 13;2019;;78143840;13772;
0006103124;CALOR Site de St JEAN de BOURNAY;2019;13088;;;
0052203989;HUET PHILIPPE;2019;11614;;;
0007407393;Blanchisserie Teinturerie WARTNER;2019;23183;;4354;
0005300552;L.N.U.F. BAYEUX;2019;;;206221;
0006803638;TANNERIE ARNAL;2019;;19276;;
0007404300;SYCTOM;2019;;79444824;6168;
0009070601;STEP - ANTIBES;2019;;;60551;
0005600289;AUBERT & DUVAL ALLIAGES;2019;;;238651;
0006302050;CASTEL FRERES;2019;38144;;42545;
0016400363;SICTOM Nord Allier;2019;;23584;;
0005601349;CANDIA Gerzat;2019;;;329925;
0005701087;A SCHULMAN PLASTICS;2019;;63542;1144;
0005503324;DAUNAT BRETAGNE;2019;;;53823;
0006200876;SOCIETE FROMAGERE DE RAIVAL;2019;31006;;95328;
0052205213;GAEC DE QUENEBLAYE;2019;8500;;;
0006512640;GSM;2019;;204605;;
0006600827;CSP PARIS FASHION GROUP;2019;;22473;5857;
0005100299;CBP;2019;58006;;;
0005302798;SOLAIPA SNC;2019;;;118715;
0006202271;MICHELIN;2019;;;307115;
0005600212;PAPETERIES D'ESPALY S.A.;2019;;15193;17451;
0006802302;STE TUELACAU;2019;141057;;;
0010400332;TELEDYNE E2V  Semiconductors SAS;2019;69180;;30454;
0052200505;FACY Pierre;2019;0;7343;0;0
0006202170;NESTLE WATERS SUPPLY EST Contrexéville;2019;230141;;;
0010000451;CRISTAL UNION;2019;800833;;9083;
0005801384;CHU DE ROUEN (BLANCH. INTERHOSP.);2019;53917;;;
0006503249;SUEZ EAU FRANCE FRANCE;2019;15364693;;;
0006101161;CEMEX GRANULATS RHONE MEDITERRANNEE;2019;13298;;;
0006205449;SOCIETE DES FOURS A CHAUX DE SORCY;2019;161016;;;
0006101054;DECHANOZ;2019;27792;;;
0052902708;EARL FAGON;2019;9634;;;
0006702247;DAIICHI SANKYO ALTKIRCH SARL;2019;;;94856;
0005202016;Usine DRT Vielle-Saint-Girons;2019;1072526;;333794;
0057201663;LDC;2019;;;347193;
0058503758;SCEA LOG ELEVAGE;2019;7920;;;
0005701701;CIMENTS CALCIA;2019;305623;;;
0006400336;LYONNAISE DES EAUX  - Usine de l'Apié;2019;;1042161;;
0005600098;S C B V;2019;247125;105136;936;
0005900191;PROFIALIS;2019;22382;;23338;
0005702721;SAICA PAPER EL;2019;1941568;;3464;
0005901306;PSA AUTOMOBILES SA (Peugeot);2019;;47416;10128;
0006202068;MUNKSJÖ ARCHES;2019;2146061;679600;7626;
0054900781;ROIRIE (SCEA DE LA);2019;7665;;;
0006400876;Métropole Aix-Marseille Provence;2019;244009;;;
0010000968;DS SMITH PAPER COULLONS;2019;;91821;126402;
0052201329;SCEA DE LA VILLE POISSIN;2019;10136;;;
0052202466;SCEA ETIENNE LECLERC;2019;11000;;;
0005906068;CBN;2019;172138;;3912;
0005600419;ROCKWOOL FRANCE SAS;2019;;174098;111805;
0006802285;SAS GELATINES WEISHARDT;2019;394902;874836;;
0006804009;UNITHER LIQUID MANUFACTURING;2019;;;60794;
0006600562;OWENS-CORNING FIBERGLAS;2019;;378202;13725;
0009071302;STEP - Marseille;2019;;;66970;
0006503170;ITON SEINE;2019;;470928;3111;
0005701887;Mannesmann Précision Tubes France;2019;;;104528;
0006802150;ANDROS Snc - Site de Biars;2019;549558;;6326;
0005500440;IDEX ENVIRONNEMENT BRETAGNE( SARL);2019;71755;;9730;
0005800483;EUROFOIL FRANCE;2019;;88725;8923;
0052903220;SCEA DE LA VALLEE;2019;10530;;;
0052904001;EARL GOARNISSON;2019;9568;;;
0005301495;SOCIETE BEURRIERE D'ISIGNY;2019;;;119869;
0006107771;SFS INTEC;2019;14540;;1707;
0007000991;HERTA;2019;;;428894;
0005104757;CHU AMIENS PICARDIE;2019;;;368580;
0006400332;ROBERTET PLAN DE GRASSE;2019;;;68563;
0010002254;CRISTAL UNION;2019;39626;;12004;
0058500277;SECANIM CENTRE SAS;2019;;;82798;
0006400408;MARONCELLI;2019;108025;;;
0006301424;LACHETEAU ex VINIVAL;2019;23222;;1094;
0052904165;LE CORRE ROBERT (SCEA );2019;11000;;;
0006104748;THALES AVS FRANCE SAS;2019;721951;;7927;
0006400259;LAFARGEHOLCIM CIMENTS;2019;114860;;;
0007000855;BELL (BONDUELLE EUROPE LONG LIFE ex BCI);2019;370287;;860;
0005401483;DAUNAT BOURGOGNE;2019;;;66525;
0007000052;CARRIERES D'HOUDAIN SAS;2019;662586;;;
0006302096;VAL NANTAIS TERRENA;2019;219413;;;
0007002133;RLST Localinge;2019;73301;;1055;
0050100486;SALAISONS STEMMELEN;2019;;;72687;
0006302949;KALHYGE 4;2019;44780;;1897;
0005801049;VERRERIES BROSSE SAS;2019;19568;;5247;
0054900708;GUILLET SAS;2019;153024;;6747;
0052903637;SCO (MONIQUE RANOU);2019;18971;;205689;
0005900821;FROMAGERIES BEL PRODUCTION FRANCE (FBPF);2019;;;84153;
0006400942;KEM ONE France;2019;;1831931;0;
0005301827;CARGILL FRANCE SAS;2019;180427;0;509997;0
0006602108;EAUX MINERALES NATURELLES DE QUEZAC;2019;127492;;;
0006200826;Societe Industrielle OBER;2019;15871;;557;
0052600305;AVIDOR;2019;7217;;;
0055301033;SOCOPA VIANDES;2019;;;400630;
0052902057;SCEA PHILIPPE GALLOU;2019;17892;;;
0005202639;BEARN URBASER ENERGIE;2019;186291;;25126;
0005201691;GASCOGNE PAPIER;2019;;9350275;82815;
0007407038;SNCF JONCHEROLLES;2019;23420;;7273;
0009069903;EDF - CNPE de Flamanville;2019;;943388;95457;1791368320
0005401151;INDUSTEEL FRANCE;2019;;;248497;
0055100341;SCEA ELEVAGE DE LA SOUDE (SOUDRON);2019;19000;;;
0052901497;EARL FOZ NEVEZ;2019;11123;;;
0007002235;CIDEME;2019;21136;;1740;
0006202054;ArcelorMittal France - Packaging;2019;1015400;10360548;24761;
0006600227;SARL CARRIERES DE LA 113;2019;;49616;;
0005800574;LUBRIZOL ROUEN;2019;;;112792;
0007000750;RECYTECH;2019;70075;;9409;
0006807508;Société Sablières Malet;2019;59385;;;
0005803901;PATISSERIE PASQUIER SAINT VALERY;2019;;;58606;
0005401075;KRONOSPAN SAS;2019;;96435;;
0006115041;MAJ;2019;;;59640;
0006101980;FERROPEM;2019;2988180;;;
0006601279;Communauté Agglomération Bassin de Thau;2019;0;0;308358;0
0006202417;PAPETERIE RAON;2019;9588;825836;0;
0005800505;RUBIS TERMINAL HFR;2019;40578;;;
0006200868;LES SABLIERES DE LAIMONT;2019;;120000;;
0055601402;SCEA DES BRUYERES;2019;16200;;;
0006702036;FIBERWEB FRANCE SAS;2019;854343;;;
0005500471;SVA JEAN ROZE;2019;91400;;144623;
0006700386;SITDCE UIOM;2019;25643;;338;
0006104578;SOC CAUX TRAITEMENT DE SURFACE;2019;28932;;;
0006104439;CARBONE SAVOIE;2019;1319572;266601;31810;
0057200475;SOCOPA VIANDES;2019;;;336963;
0018300036;FLORETTE FRANCE FOOD SERVICE (ex-CRUDI);2019;174076;;;
0007003941;CVE;2019;;30022;12370;
0007000582;BRASSERIE DE SAINT-OMER;2019;608074;;2836;
0007001139;C&D FOODS France;2019;;;383459;
0006103493;VERALLIA FRANCE (ST GOBAIN EMBALLAGE);2019;55888;23867;7554;
0055602604;PEP CAMAGNON;2019;;;97277;
0006407785;LABORATOIRES M et L;2019;6116;;81646;
0006806172;Denjean Ariège Granulats;2019;90113;;;
0052902143;SCEA VIGOUROUX;2019;13200;;;
0006506520;BIO SPRINGER;2019;1759192;1556721;376020;
0006104534;GRAPHOCOLOR;2019;;;186252;
0006305026;ENGIE Thermique France;2019;;;84707;262656000
0006803269;Airbus Defence and Space;2019;0;0;70181;0
0005301497;ELECTROPOLI FRANCE;2019;42621;0;60873;
0052903741;SCEA GUEGUEN BELLEC;2019;7545;;;
0052901390;GAEC DU VOULIC;2019;8600;;;
0005202330;DEUERER PETCARE FRANCE;2019;;240058;8267;
0006401338;GROUPE BIGARD;2019;;;52655;
0005503297;SOCIETE SARZEAU CARRIERES ET MATERIAUX;2019;;119500;;
0006103381;INDUSTEEL FRANCE;2019;;161128;26025;
0007000483;ARKEMA FRANCE;2019;;2491202;17988;
0010400105;EVONIK AEROSIL FRANCE;2019;40631;;;
0005600245;FAREVA LA VALLEE;2019;;;88648;
0006406832;Initial;2019;18224;;581;
0055602988;SCEA DE LICHOUET;2019;22000;;;
0005101363;ARCELORMITTAL ATLANTIQUE -  LORRAINE;2019;;256218;15550;
0006301049;ARC EN CIEL;2019;;;190747;
0005100395;CEREAL PARTNERS Frances;2019;231383;;;
0005515174;CELTIGEL;2019;90628;;5571;
0055500458;SCEA de la Warinaux;2019;11680;;;
0006302278;L'ABEILLE;2019;;;279310;
0055603428;EARL LE CORRE;2019;8000;;;
0006802901;COCA-COLA EUROPACIFIC PARTNERS FRANCE;2019;;;184570;
0010001569;SERVIER Laboratoires Industrie;2019;;;90394;
0005600027;COSMETIQUE ACTIVE PRODUCTION;2019;;;57609;
0005401301;DAVEY BICKFORD;2019;41651;;4949;
0007000938;TEREOS FRANCE;2019;;511803;9658;
0007000553;VERHAEGHE INDUSTRIES;2019;34217;;;
0006300958;GKN DRIVELINE SA;2019;36834;;5544;
0051401146;SAS FRIAL;2019;;;130738;
0010002969;GSM;2019;34843;1064;;
0052800102;VALNAIS SARL;2019;7500;;600;
0052903990;EARL ROMEKER;2019;;7993;;
0006104106;MAUSER FRANCE;2019;9976;;;
0006505483;M.A.J. Elis;2019;;;80869;
0005900564;ARDEA;2019;17004;;24444;
0006102033;UGITECH;2019;55890;;2448;
0006503224;INITIAL BTB (ex GALLIA);2019;81078;;2933;
0005702543;CAPDEA - Marigny le Chatel;2019;;11964;;
0005701195;WALOR;2019;;24000;2600;
0006700403;ROSSMANN Sainte-Croix-aux-Mines;2019;;105864;14524;
0006400572;COCA COLA ENTREPRISE;2019;;;352568;
0005305154;FARMACLAIR;2019;;;78053;
0005401545;PORTERET BEAULIEU INDUSTRIE;2019;;59512;;
0007000627;LIONOR S.A.;2019;;;76650;
0006503449;PEUGEOT CITROEN POISSY SNC;2019;;655079;;
0006700093;EQIOM;2019;373975;;;
0006506489;RENAULT;2019;;8892;2040;
0052903791;SARL COADOUR;2019;25050;;;
0053600332;BUISSON DE RIVARENNES (SCEA DU);2019;12000;;1000;
0007202732;CDMR;2019;17930;;;
0005101029;TEREOS FRANCE;2019;239891;;8044;
0005600333;MANUF FRANC PNEUMATIQ MICHELIN;2019;25520;;155600;
0010000689;INDENA;2019;;;101794;
0005800520;NOVACEL;2019;28659;;4418;
0006701189;PIERRETTE TBA - ELIS;2019;97907;;750;
0005701177;LUZEAL;2019;80634;;;
0006400737;MAJ ELIS PROVENCE;2019;71319;;4859;
0005300092;RENAULT TRUCKS;2019;;;100867;
0005104368;MONDELEZ FRANCE BISCUITS PRODUCTION;2019;78098;;2902;
0010001418;DELPHARM (ex FAMAR);2019;;;108038;
0005701096;LA FONTE ARDENNAISE FA4;2019;;60200;1478;
0006301584;FIBERTEX NONWOVENS;2019;46810;;4869;
0005101361;AKZO NOBEL DECORATIVE (ex AKZO NOBEL CO);2019;;;88334;
0052905053;SOCIETE PERON;2019;20484;;;
0006700781;SOPREMA;2019;;1551039;7772;
0018300685;AMETYST;2019;;;60185;
0006600794;HARIBO-RICQLES-ZAN;2019;21355;;21202;
0052902101;EARL QUERE;2019;9700;;;
0005103728;SOCOPIC-Sté Cogénér.Picardie (ex.Dalkia);2019;;;776878;
0006604226;PIERRE FABRE DERMO COSMETIQUE;2019;200692;35263;11417;
0005901743;LES CARRIERES JURASSIENNES (VINCENT);2019;757860;;;
0006106947;SUEZ RR IWS CHEMICALS FRANCE;2019;;;700255;
0052901878;EARL SEAC'H;2019;11550;;;
0006103723;GEPEIF STATION EPUR. DES INDUS;2019;145013;;1275170;
0006301413;GALLIANCE ANCENIS;2019;;;212446;
0006505946;MAJ - EX GRENELLE SERVICE - BTS-;2019;75656;;732;
0006301644;PIGEON GRANULATS LOIRE ANJOU;2019;60375;;;
0053503230;SOCIETE VITREENNE D'ABATTAGE;2019;239799;;184666;
0006102939;AMCOR FLEXIBLES PACKAGING FRANCE;2019;15686;;;
0005800607;BOREALIS CHIMIE;2019;211;5054065;51742;
0005201479;SOLEAL SAS;2019;53281;;305557;
0006402706;EURENCO Sorgues;2019;5406138;;47261;
0006104781;ELIS ALPES;2019;50401;;;
0052903521;VOLEFI;2019;24145;;29139;
0050100090;GAEC LES PRELIONS;2019;22617;;1955;
0058700447;SAS MADRANGE;2019;54775;;147284;
0006200307;NOVACARB;2019;1500;21682510;10742;
0009000322;GSBdD BMA / pôle de Mérignac;2019;465380;;;
0057903131;SAS LOEUL ET PIRIOT;2019;;;70050;
0006301011;FROMAGERE DE BOUVRON (société);2019;;;455648;
0006000359;SAICA EL ex EMIN LEYDIER;2019;;22596;3905;
0055600175;CELVIA;2019;193120;;54844;
0006102119;CEMEX GRANULATS RHONE MEDITERANNEE;2019;21003;;;
0005701684;ECOLAB PRODUCTION FRANCE;2019;105613;;37502;
0005102885;CEMEX Granulats;2019;263190;;;
0006802139;SAS CEMEX GRANULATS SUD OUEST;2019;81277;;;
0055602332;LES ATELIERS DU GOUT;2019;;;91623;
0006601595;LG - Espira;2019;;74550;;
0006303870;ORBELLO GRANULATS MAINE;2019;25497;;;
0003701359;SUEZ RRIWS CENTRE ECO TRAITEMENT;2019;;40000;;
0005702707;LEBRONZE ALLOYS;2019;21668;;5897;
0005401415;ISOVER ST GOBAIN;2019;0;0;50152;
0009069913;EDF - CNPE du Bugey;2019;1472;2907660030;;
0007000551;TANK SERVICE;2019;34186;;5717;
0005702129;CRISTAL UNION;2019;;821113;3110;
0005105788;WEYLCHEM LAMOTTE (ex CLARIANT SFC);2019;;3587434;28596;
0005501697;ARDO GOURIN;2019;424321;;38845;
0006102267;SIEGFRIED St Vulbas SAS;2019;791304;;65823;
0006102858;CONDAT SA;2019;90953;;;
0010000577;INTERNATIONAL COOKWARE;2019;82119;;35351;
0005902583;FACEL;2019;;704348;11537;
0005401124;ECKES GRANINI FRANCE SNC;2019;385154;;523;
0005800350;ERAMET;2019;;;687809;
0006400367;VIRBAC 13;2019;2765;;71067;
0005300868;G.E.PART. 14;2019;35496;;;
0007100049;ALBIOMA ALG Centrale thermique;2019;1217834;;1422012;
0006412485;CHANTIERS MODERNES SUD;2019;15000;;;
0006401567;LAFARGEHOLCIM CIMENTS;2019;;166000;2179;
0006502556;SIBELCO France;2019;22357;;532;
0006100598;CEMEX GRANULATS RHONE MEDITERRANEE;2019;8401;;;
0006301617;ALIFEL MOULINS DE LOUE;2019;19379;;;
0007000851;LAMINES MARCHANDS EUROPEENS (LME);2019;;630452;24446;
0006700586;LESAFFRE CULINARY STRG (anct SENSIENT);2019;421500;;1552;
0006802454;ALUDIUM FRANCE SAS;2019;;17493;;
0006401019;ASCOMETAL Fos-sur-Mer;2019;;;571189;15227737
0005600463;EUROAPI;2019;;1734700;60787;
0006100860;RMG;2019;16073;;;
0006408139;PRADIER CARRIERES;2019;52706;;;
0006201021;COMPAGNIE DES FROMAGES ET RICHESMONTS;2019;;;294732;
0006802157;RATIER FIGEAC  Sas;2019;23725;;;
0005800496;EXXONMOBIL CHEMICAL FRANCE;2019;988475;;52624;
0005102490;SITPA  Rosieres;2019;;;595500;
0007000794;VERSALIS FRANCE SAS Dunes;2019;;3965261;39458;
0007100081;Distillerie Savanna;2019;;89132;;
0006104306;GRID SOLUTIONS;2019;7692;;4467;
0010000030;TRIBALLAT Hubert Laiteries;2019;541800;;28600;
0006208683;SA BOULANGERIE NEUHAUSER Fürst 2;2019;;;69536;
0005207266;TEREGA - Centre de stockage;2019;2037;13194;3164;
0057201569;ESPRI Restauration;2019;;;93648;
0006700123;GRAVIERES ET CONCASSAGES D'OFFENDORF;2019;;1210559;;
0006207528;SCHREIBER FRANCE;2019;441130;10;118603;
0005302025;MLC;2019;97807;;;
0007201529;LAFARGE CIMENTS;2019;37313;;;
0052903736;EARL DE LESCUZ;2019;10600;;;
0022200048;SNEMBG;2019;;;83621;
0006705975;CHARCUTERIE PIERRE SCHMIDT;2019;;;54797;
0006401854;EXTRUFLEX SAS;2019;261391;;;
0052903711;EARL DE KERVANIJO;2019;10042;;;
0007201381;MARTELL & CO;2019;10193;;;
0005202758;AIR LIQUIDE FRANCE INDUSTRIES;2019;;118900;15087;
0006501929;SILEC CABLE;2019;;680047;13382;
0006300314;TRAVAUX PUBLICS DES PAYS DE LOIRE (TPPL);2019;;18852;;
0006401079;ELENGY (TONKIN);2019;;72429200;39145;
0006502131;A2C Granulat;2019;378297;;;
0005600268;PEM;2019;;84482;;
0005201973;ENNOLYS (ex SAF-ISIS);2019;;72975;4759;
0005401104;EUROSERUM;2019;567695;276110;;
0010001674;SANOFI WINTHROP INDUSTRIE;2019;;;69509;
0055301842;SCEA TREMBLAIE (LA);2019;;9500;;
0010001118;ORANGINA SUNTORY FRANCE PROD;2019;701236;;2507;
0051800202;SCEA DU CORMIER;2019;8000;;;
0005306883;SOCIETE DES MAITRES LAITIERS DU COTENTIN;2019;;;60870;
0010300110;REFRESCO FRANCE (site DELIFRUITS);2019;640702;;5969;
0007000445;DSM Food Specialties;2019;840943;;23626;
0018200054;SARL  PATEBEX;2019;;40000;;
0006402195;BLANCHISSERIE DURANCE VERDON;2019;19855;;;
0052902592;SCEA BOD FAO;2019;;8200;;
0006205178;INITIAL EUROGANT (ex INITIAL BTB);2019;;9790;;
0010400032;SUEZ RR IWS CHEMICALS FRANCE;2019;534080;;189810;
0006700428;CENPA SAS;2019;0;673067;52467;0
0051800173;AIRPORC;2019;21382;;;
0050100832;BRESSOR SA;2019;318618;;140827;
0052204245;EARL LE PAGE;2019;9610;;;
0052902371;GAEC DE KERASCOT;2019;8000;;;
0005702865;OLFA;2019;;74320;1542;
0006400589;AIRBUS HELICOPTERS;2019;;196106;;
0010300101;GELPAM;2019;146440;;;
0006700208;MICHEL Baldersheim;2019;807427;;;
0005102374;BONDUELLE EUROPE LONG LIFE;2019;;3464716;;
0006206174;SAS GRANULATS VICAT;2019;0;227590;0;
0007000437;HAAGEN DAZS;2019;;;201520;
0006200736;ARCELORMITTAL WIRE FRANCE;2019;;176300;23839;
0005302882;SIRAC;2019;76473;;4489;
0053502545;ETABLISSEMENTS ABERA;2019;197221;;;
0052901377;SARL AVEL VOR;2019;24300;;;
0006406426;SUEZ RV Istres;2019;8557;;;
0055602633;CELTYS;2019;127867;;316;
0005400082;RMG;2019;25246;;;
0007408607;ELIS PANTIN;2019;158167;;15635;
0007001555;CRUSTA C (SA);2019;;;75351;
0007000742;DAUDRUY VAN CAUWENBERGHE et FILS;2019;;208858;211959;
0006702209;SIVOM agglo mulhousienne Sausheim - UIOM;2019;216712;;;
0055602485;BCF LIFE SCIENCES;2019;226136;;9170;
0055614826;SCEA LE PONT CAR;2019;16475;;;
0006102771;STEF LOGISTIQUE MEDITERRANEE;2019;11500;;;
0006102436;IMERYS ALUMINATES EX KERNEOS;2019;;11021;;
0005701330;3P - Produits Plastiques Performants;2019;;;113928;
0010000685;HUTCHINSON;2019;13797;;;
0052904340;SCEA MORVAN;2019;10420;;;
0006802548;FIBRE EXCELLENCE SAINT-GAUDENS;2019;;19461452;;
0006700349;MICHEL Wittelsheim (carrière);2019;366053;;;
0052901025;EARL DE KERILLY;2019;16400;;;
0052903464;SAUPIQUET;2019;;;116080;
0006300906;LAITERIE DU VAL D'ANCENIS;2019;;;1025903;
0005101901;GOODYEAR DUNLOP TIRES Amiens SUD;2019;363760;0;10642;0
0006104565;SYND MIXTE DU LAC D ANNECY;2019;;;69596;
0053800603;CANDIA/YOPLAIT;2019;4231223;;;
0052903463;MERALLIANCE ARMORIC;2019;;;115202;
0006103781;TEINTURERIES DE LA TURDINE-RTE DE THIZY;2019;;58890;13493;
0005301493;COMPAGNIE DES FROMAGES & RICHESMONTS SCA;2019;;;309597;
0006104679;TEFAL SA;2019;;;298904;
0005701515;TEREOS FRANCE;2019;;340717;13827;
0006105222;ELKEM SILICONES FRANCE;2019;11846025;;;
0057100136;LDC BOURGOGNE;2019;;;246760;
0005900985;PROVALT JURA SNC;2019;20015;;55573;
0007201655;VERALLIA - SAINT GOBAIN EMBALLAGE;2019;322926;;91366;
0005101048;Société LAITIERE DE CLERMONT;2019;213670;;842;
0052903307;EARL BODONAP;2019;12157;;;
0055600517;SCEA DE CHAUDEVILLE;2019;14125;;;
0057900712;SOCIETE FROMAGERE DE RIBLAIRE;2019;;;338753;
0058502426;SOCOPA VIANDES;2019;134691;;594;
0006103048;RHODIA OPERATIONS;2019;1710090;;1564;
0050100743;GAEC DE L'ORME;2019;11000;;;
0006601371;LAFARGEHOLCIM GRANULATS (Carr BAIXAS);2019;26380;;;
0052902810;SARL René COLIN;2019;27659;;;
0006104769;SGL CARBON  SA;2019;;2963762;;
0005900806;KOHLER SAS;2019;21576;;362;
0006301086;EURIAL FOOD SERVICE ET INDUSTRY;2019;;360912;26925;
0009073101;Usine de dépollution des eaux Ginestous-Garonne (ASTEO);2019;;;477411;
0010400075;AIR LIQUIDE HYDROGENE;2019;139432;;;
0006702299;TRANSPORTS KLEIN;2019;;;66067;
0010000305;NOVO NORDISK PRODUCTION SAS;2019;;;175893;
0005401241;YOPLAIT PRODUCTION FRANCE - NOBLEVAL;2019;592982;;;
0006200004;DAUM;2019;;17490;;
0006803945;MAJ ELIS;2019;;;133254;
0054900308;MAUSSIONNAIE (SCEA DE LA);2019;14500;;;
0006200339;Glanzstoff Longlaville ( EX DURAFIBER);2019;;;136289;
0006103636;BAYER SAS;2019;229486;;5211;
0055300959;GAEC TERTRE (DU);2019;8000;;;
0005800297;TOTAL RAFFINAGE FRANCE;2019;;9148287;115921;17934176
0052904384;CONSERVERIE CHANCERELLE (usine Sardine);2019;;;100123;
0006600055;MAJ ELIS;2019;51946;;23829;
0005501776;GUERBET;2019;;;134645;
0007000740;DECOSTER-CAULLIEZ SAS;2019;;118729;813;
0007203112;LES LAVANDIERES (Enseigne ELIS);2019;;;65939;
0006400001;ALTEO GARDANNE;2019;25650;2785053;60000;
0005501327;GLATFELTER SCAER SAS;2019;;808482;15171;
0007002964;BORALEX Blendecques SAS;2019;67769;;;
0006400990;KEM ONE France;2019;;;2611063;
0006503800;MAJ;2019;172630;;2710;
0005800349;ESSO RAFFINAGE;2019;5330719;;13647145;
0005100536;WILLIAM SAURIN;2019;548712;;;
0052902707;SA BIANEIS;2019;12000;;;
0052300038;SAS LES MONTAGNES D'AUZANCES;2019;;;73120;
0005201370;FRONERI Vayres (ex R&R ICE CREAM);2019;86485;;14702;
0006801182;ABCVL S.A.S.;2019;9248;;;
0006700567;DS SMITH PAPER KAYSERSBERG;2019;;1637639;;
0006802962;SCT (Société des Céramiques Techniques);2019;29470;;;
0006503972;X FAB FRANCE (ex ALTIS SEMICONDUCTOR);2019;579422;139413;10134;
0006600432;SANOFI-CHIMIE;2019;668068;0;9053;
0007001030;SICAL;2019;;446064;;
0010100230;COURANT SAS;2019;119365;;;
0006103796;E.G.P.;2019;22790;;0;
0005800587;ESSITY OPERATIONS FRANCE;2019;1670905;;62744;
0006802502;AGC Multi Material Europe SA;2019;;83026;1418;
0007408313;CLIMESPACE;2019;;;172325;
0006701518;FAURECIA INSPIRING MOBILITY;2019;133592;;2646;
0009069923;INSTITUT LAUE LANGEVIN;2019;30815;26656266;41791;
0006301373;CHARIER CM - CARRIERES ET MATERIAUX;2019;;258112;;
0006501736;ADP-CHARLES DE GAULLE;2019;;;202072;
0009077801;SIAAP - Site Seine Aval;2019;;362;344366;
0052900419;MOULIN DE LA MARCHE;2019;;;87180;
0007000790;RUBIS TERMINAL DUNKERQUE;2019;;20000;15292;
0006103213;SERGE FERRARI SAS;2019;502187;;;
0016300281;ROZANA;2019;52561;;5871;
0005500334;SECANIM BRETAGNE;2019;16401;0;1445;
0005301679;manumesure;2019;7100;;1029;
0005403182;BUTAGAZ;2019;47263;;1461;
0005501682;GROUPE ROCHER OPERATIONS;2019;;;116879;
0007003219;STAUB FONDERIE;2019;38504;;6527;
0006700724;CHALEUR HAUTEPIERRE;2019;13898;;;
0006400915;SOTRECO SAS;2019;14532;;1644;
0058502762;EARL BRETAUD;2019;10470;;;
0054400333;VIOL - CASTEL VIANDES;2019;117337;;9309;
0006700008;QUARTZ DE HAGUENAU;2019;312000;;;
0055000838;2J ORVAIN (GAEC);2019;;13716;;
0005800316;AIR LIQUIDE FRANCE INDUSTRIE;2019;;;157879;
0055500063;EARL Multiporcs de l'Aire;2019;10000;;;
0010000313;PAULSTRA;2019;65170;;5951;
0005800576;LINCOLN ELECTRIC FRANCE;2019;52196;;;
0005702271;WEPA France;2019;385884;;15838;
0006102463;JINWANG EUROPE (ex OCM);2019;465339;;1365;
0006510421;SEMAVERT - ISDND;2019;12600;;1389;
0010000473;VALORYELE;2019;62732;;3998;
0005900400;PAPETERIE DE MANDEURE;2019;;766471;3696;
0022200016;EDF SEI - PK;2019;;;32096;52639284
0009069927;Etablissement de LA HAGUE;2019;;548299;98986;
0005400367;EQIOM GRANULATS;2019;8737;;36;
0057600352;SCEA DU MONT AU ROUX;2019;29598;;;
0005101291;LAFARGE GRANULATS FRANCE;2019;;48300;;
0006803634;RAYNAL ET ROQUELAURE;2019;;;183445;
0006303238;CULTURES FRANCE CHAMPIGNON;2019;183247;;33012;
0005101506;BOSTIK;2019;;65510;14423;
0006200539;SAINT GOBAIN PAM;2019;1268010;2450602;;
0005900499;RIVEX ITW ( Ornans);2019;;113544;;
0006506498;VALO'MARNE (EX CIE);2019;381313;;6416;
0006201286;ARCELORMITTAL Gandrange;2019;;228796;3919;
0055603842;EARL LES CLOTURES;2019;11929;;;
0051600313;SCEA POLYPORCS;2019;11217;;;
0007000706;SCORA;2019;;;231045;
0005600444;PRECIFORGE;2019;12065;;;
0006802719;SOCIETE LAITIERE DE MONTAUBAN;2019;;198741;10124;
0006100234;GRANULATS VICAT;2019;27684;;;
0005800600;DISTILLERIE HAUGUEL SA;2019;;322214;1809;
0005702038;MALTERIES SOUFFLET et AGRICULTURE;2019;1016510;;;
0006103108;VICAT;2019;349460;;6217;
0006702151;SOJINAL;2019;177863;;304307;
0006601281;SAIPOL;2019;;;335211;
0052901610;EARL RUN AVEL SPI;2019;7360;;;
0005201642;Usine DRT Vielle-Saint-Girons;2019;25317;;555;
0006103078;ALR - ACIERIES ET LAMINOIRS DE RIVES;2019;80038;;6750;
0006102813;TRIVIUM ALUMINIUM PACKAGING France;2019;84805;0;;
0005401359;SALZGITTER Mannesmann Stainless Tubes;2019;;140650;7789;
0005202342;TORAY CARBONS FIBERS EUROPE SA;2019;267500;;43000;
0006103062;AHLSTROM-MUNKSJO LA GERE;2019;2980673;;;
0050100659;SOGIFRA - ST DIDIER;2019;11300;;;
0005701248;SOGEFI SUSPENSIONS FRANCE (ex ALLEVARD);2019;8128;;21840;
0005801305;FERRERO FRANCE;2019;31380;;12013;
0007002452;AGC FRANCE SAS;2019;13808;;2208;
0007000475;FEUTRIE SA;2019;;98266;723;
0006102859;SIRA;2019;64075;0;3586;0
0006802598;LAFARGE CIMENTS;2019;54096;;5176;
0055700590;CHARAL;2019;;;133160;
0006700794;WIENERBERGER;2019;;;80430;
0052204162;SCEA DAVID;2019;;12052;;
0050100111;COMPAGNIE ABATTAGE de BOURG EN BRESSE;2019;9358;;101441;
0056401753;Arcadie Sud-Ouest;2019;;;69047;
0005512136;BONNETERIE D'ARMOR (SAS);2019;;;63151;
0005101923;SCOTT BADER;2019;34869;;4854;
0007001933;RLST (Localinge);2019;;;72278;
0005401335;SUMIRIKO Rubber Compounding France;2019;;771815;3970;
0010004204;PROVA;2019;15914;;21735;
0006108774;CERDIA FRANCE SAS;2019;14364572;;;
0022100060;SIS BONNE MERE;2019;;562707;1810;
0006103394;SOFIDEL FRANCE;2019;221175;;;
0009076602;STEP - PERPIGNAN;2019;;;121289;
0006400397;DISTILLERIE GIRARD S.A.;2019;7401;;;
0005800331;YARA France;2019;;163107936;1660961;
0006803824;EUROSERUM;2019;;;97942;
0006501978;INITIAL HIGIENE SERVICES Nangis;2019;36109;;;
0005300463;CIMENTS CALCIA;2019;22645;79709;5372;
0052200753;SARL DE LA ROSETTE ex EARL;2019;9125;;;
0007000621;ARC INTERNATIONAL FRANCE;2019;556522;1218978;;
0052902594;LEONBERG (EARL);2019;21100;;;
0006200158;SOLVAY OPERATIONS FRANCE;2019;;49314264;;
0007001787;LESIEUR GENERALE CONDIMENTAIRE SAS;2019;;;64305;
0052900226;LICHOU (SAS);2019;11000;;;
0006304830;ELIS MAINE;2019;53692;;;
0007100457;COT - SOREBRA;2019;48611;;4190;
0052902721;GAEC DE KERBOULLOU;2019;8900;;;
0010000793;ALLAIRE;2019;164465;;1680;
0055602063;BERNARD salaisons;2019;;;145222;
0005601563;MAJ ELIS AUVERGNE;2019;23110;;22778;
0010800138;AD ORELEC;2019;18826;;;
0006501529;HELIO PRINT (ex H2D ex QUEBECOR );2019;;;70460;
0005800367;EURIAL ULTRA FRAIS;2019;175070;;22029;
0052501108;FROMAGERIE DE CLERVAL;2019;395258;;17685;
0052900281;EARL QUEMENEUR BERNARD;2019;10500;;;
0052902050;SAS PIERRE RANNOU;2019;39780;;500;
0057900586;SCEA PROPORCS;2019;16425;;;
0006806581;KNAUF INSULATION LANNEMEZAN SAS;2019;;181604;21677;
0006104744;EUROCAST THONON;2019;43890;;6132;
0009069931;EDF - CNPE de Belleville-sur-Loire;2019;924;159741088;;
0006400884;JEAN LEFEBVRE MEDITERRANEE SA;2019;;125838;;
0006700452;DMC SAS;2019;156591;;12;
0005103204;EDILIANS tuilerie de St Germer;2019;;13373;38237;
0055300051;SCEA VERRERIE (DE LA);2019;7300;;;
0007001689;RLST ELIS;2019;77622;;857;
0006104459;TECHCI RHONE ALPES;2019;;40439;432;
0007001147;GELMER;2019;;;55104;
0006104223;COURLY  GRAND LYON USINE LYON SUD;2019;7862418;;32323;
0006102997;FERROPEM;2019;;1275015;30760;
0005601769;DIEHL POWER ELECTRONIC;2019;;;68246;
0006800551;DRAGAGES GARONNAIS (villeneuve-cede);2019;23620;;;
0006104157;HCL HOPITAL EDOUARD HERRIOT;2019;;;154784;
0006103908;GRID SOLUTIONS SAS;2019;309188;;5112;
0052903051;GAEC AUX QUATRE VENTS;2019;15760;;;
0006400347;MAJ SA;2019;104522;;1570;
0007002893;DELPHARM LILLE SAS;2019;;;56000;
0006400508;PROVENCE IQF SAS;2019;100458;0;380;0
0005503449;TRIBALLAT NOYAL - Usine SOJASUN;2019;56867;;329000;
0052901434;SARL JO MOAL;2019;8180;;;
0006400874;FIBRE EXCELLENCE PROVENCE;2019;;15990130;;
0006102818;PATHEON FRANCE;2019;377854;;33420;
0006400353;LA MESTA SAS;2019;12328;;28166;
0052903106;AQUADIS NATURELLEMENT;2019;;428938;9926;
0006101808;GRANULATS VICAT;2019;103212;;;
0010007721;BLANCHISSERIE BLESOISE;2019;74107;;1750;
0006102025;NEXANS FRANCE;2019;16683;;4022;
0005500191;DUJARDIN BRETAGNE (SAS);2019;;;264940;
0007201656;PAPETERIE SAINT MICHEL - GROUPE THIOLLET;2019;;1223490;;
0005301918;FLORETTE FRANCE GMS;2019;;;381164;
0006400414;SUEZ RV ENERGIE;2019;79555;;20212;
0005301322;GUY DEGRENNE INDUSTRIE;2019;;12659;18479;
0009000279;CENZUB-94°RI;2019;135193;;;
0010300115;ANDROS;2019;849591;;63406;
0006500219;LAFARGEHOLCIM Granulats;2019;;51600;;
0006301021;Fromageries BEL Production France;2019;;;87356;
0005600518;GRANULATS BOURGOGNE AUVERGNE;2019;;17317;;
0006700570;RAVAGO Building Solutions France;2019;;;117227;
0057300315;PROVENT SDPR - PORCHERIE DE SAINT GIROD;2019;10020;;;
0009069940;EDF - CNPE de FESSENHEIM;2019;130485;2251430910;;
0010004219;PROCTER ET GAMBLE BLOIS;2019;;;220690;
0058502919;SCEA VINET BRUNO (Les Places);2019;7590;;;
0006400504;FLORETTE France GMS;2019;359972;;6922;
0058600274;SCEA PORC BEL AIR;2019;18250;;200;
0005702992;CRISTANOL;2019;992964;;649;
0007202009;MOREAU Kléber SA Carrières;2019;78928;;;
0006104340;ARC FUSED ALUMINA;2019;313501;;;
0005105255;PQ France;2019;;159567;;
0006803107;Boehringer Ingelheim (ex MERIAL);2019;52684;;5748;
0050100333;MONTERRAT S.A;2019;;;198097;
0006700455;TANNERIES HAAS;2019;10622;4559;6254;
0006803366;MPG Mauzac (installation);2019;71580;;296;
0009069941;EDF - CNPE de GOLFECH;2019;;196738000;;
0006506686;COCA COLA EUROPEAN PARTNERS CCEP;2019;677460;;11664;
0006521615;BOUYGUES TRAVAUX PUBLICS;2019;;;81162;
0006700471;BOREALIS PEC RHIN;2019;3047495;114469656;48972;
0007000757;INGREDIA;2019;1406940;;2180;
0006601535;CARRIERE OMYA VINGRAU- ISDI;2019;14688;;;
0006200938;VALTRIS ENTERPRISES FRANCE SAS;2019;244257;71902;13134;
0010005550;EURO 5;2019;38170;;4295;
0007403760;MA FRANCE;2019;23849;;;
0006201887;ArcelorMittal France - Train à chaud;2019;;;177465;
0006402097;SIBELCO Bédoin;2019;218476;;526;
0007101355;EDF-PEI SAS;2019;;;7509;102724
0005803187;TEREOS STARCH & SWEETENERS LBN;2019;;25349436;1710718;
0005518328;SCEA TERRE ET PORC;2019;;12775;;
0006601361;STERIMED SAS (Ex ARJOWIGGINS);2019;;1463876;19761;
0005801105;ORIL INDUSTRIE;2019;;;106250;
0005800299;TOTALENERGIES FLUIDS;2019;1;360414;2325;0
0006102185;SAICA PACK;2019;19044;;934;
0006501584;THIMEAU MAGIC RAMBO-ELIS;2019;115496;;;
0005702980;ANETT 9;2019;54855;;324;
0052901231;SCEA DE KERSCAO;2019;20800;;;
0053500356;SCEA DE LA MAUDAYAIS;2019;11542;;;
0009000032;BA 107 Villacoublay;2019;23000;;;
0006500137;SIBELCO France;2019;82583;;4485;
0005401274;CHEMETALL SA;2019;55397;;18057;
0005800398;CRISTAL UNION;2019;14202;;3095;
0009069916;EDF - CNPE du Tricastin;2019;0;4054363900;34000;
0006102272;TREDI;2019;1328146;;242812;
0052202936;GAEC DES MEZERAIS;2019;8803;;;
0005701552;ADM Bazancourt SASU;2019;1280847;;;
0005901267;KNAUF INDUSTRIES;2019;14664;;496;
0006501121;REP;2019;39063;;5105;
0010007479;HIRSCH FRANCE (ex PLACOPLATRE);2019;45000;;540;
0010100172;ALLAINE SA;2019;352326;;;
0006800277;GRANULATS VICAT;2019;;21398;;
0052500247;Fromagerie JEAN PERRIN S.A.PERRIN VERMOT;2019;;54460;33206;
0005102362;AJINOMOTO FOODS EUROPE;2019;;;5340967;
0006600802;SAINT MAMET SAS;2019;;;393343;
0054901937;PASSERELLE (GAEC DE LA);2019;10773;;;
0005304386;NESTLE HEALTH SCIENCE FRANCE;2019;212364;0;447;0
0006700423;MARS Chocolat Steinbourg;2019;;;72686;
0006104682;CEREAL PARTNERS FRANCE;2019;115472;;16106;
0007000056;CBS SAS.;2019;9265000;;269;
0052901419;SCEA DE LA ROCHE PLATE;2019;8191;;;
0005300452;CPO_COMPAGNIE PETROLIERE DE L'OUEST;2019;;7020;305;
0006201702;FERCO INTERNATIONAL;2019;;36937;14969;
0005302358;SOPARCO;2019;386487;;2127;
0005805710;COLLET SAS;2019;;49146;1750;
0005901640;SOCIETE DES CARRIERES DES LACS;2019;145530;;;
0006108628;BOIRON FRERES;2019;;2047;84745;
0006401317;S.A.S. DURANCE GRANULATS;2019;9475;;161893;
0006503267;SUEZ EAU FRANCE flins;2019;29919580;;;
0006202530;ANETT ALSACE LORRAINE (ex ANETT QUATRE);2019;40823;;239;
0007000936;TEREOS Sucrerie de Lillers;2019;710711;;7895;
0052300359;SE CHAVEGRAND SAS;2019;100013;;78794;
0005501218;PDM INDUSTRIES;2019;;3900620;1910;
0006700171;GRAVIERE DE STATTMATTEN;2019;659762;;;
0006808596;GRANULATS VICAT;2019;;13610;;
0006800360;MIDI PYRENEES GRANULATS;2019;;50446;;
0006400889;MAREVA PISCINES ET FILTRATIONS;2019;29283;;;
0005702108;LACOSTE OPERATIONS;2019;260571;;;
0010004249;HUTCHINSON;2019;;289869;35304;
0007000776;PRODUITS CHIMIQUES DE LOOS;2019;1106726;2109373;33729;
0052900031;EARL DE KERVORICE;2019;;17000;;
0010000633;AIR LIQUIDE FRANCE INDUSTRIE;2019;8983;;3988;
0006700663;CRISTAL UNION;2019;1285131;;;
0005301860;ETS NEW MAISONNEUVE KEG;2019;10014;;4897;
0006700690;MANUFACTURE HARTMANN - EURO TF SAS;2019;;143851;2805;
0010300163;AUTAJON SP;2019;10530;;517;
0005600467;Société des Eaux de VOLVIC;2019;2432737;;27691;
0006600526;GRAP'SUD;2019;;;298760;
0009069801;CEA Marcoule;2019;;2479962;;
0052904383;ETABLISSEMENTS PAUL PAULET;2019;;;77827;
0006107527;VENCOREX FRANCE;2019;23294108;28551052;156246;
0055602681;SOCIETE VOLAILLES DE PLOURAY;2019;114217;;;
0005100757;SAICA PAPER  FRANCE (ROCHETTE VENIZEL);2019;;3096899;4398;
0005800392;DANONE PRODUITS FRAIS FRANCE;2019;;;581098;
0056901142;L'EUROPEENNE D'EMBOUTEILLAGE;2019;220000;;244492;
0050100110;ABATTOIRS  DES  CRETS;2019;16383;;76675;
0005503651;KERMENE;2019;;;81655;
0006504202;SAFRAN AIRCRAFT ENGINES ( ex SNECMA);2019;33880;172371;16683;
0006804076;SOCLI;2019;0;17406;0;0
0006700050;LES GRAVIERES RHENANES;2019;882518;;;
0052903223;CAPITAINE COOK;2019;;87917;783;
0010000241;HYDRO ALUMINIUM EXTRUSION SERVICES;2019;31489;;585;
0005501786;CONSERVERIE MORBIHANNAISE Lanvenegen;2019;188271;141390;2583;
0005900536;ARMSTRONG BUILDING PRODUCTS S.A.;2019;139520;;6557;
0006401033;Air Liquide France Industrie;2019;;;578766;
0006104731;HACER TRAITEMENTS THERMIQUES;2019;8079;;2994;
0052901613;SAS BILLON;2019;37156;;;
0006506164;NCS PYROTECHNIE;2019;36986;;2832;
0005521826;FRANCE POULTRY;2019;;;740000;
0006109146;OCV CHAMBERY FRANCE;2019;312296;;15621;
0052903410;EARL PHILIPPE HASCOET;2019;9927;;;
0005701128;PSA AUTOMOBILES SA;2019;286529;0;19602;0
0007001045;CARGILL HAUBOURDIN SAS;2019;;11914259;1530573;
0005900641;PEUGEOT CITROEN  AUTOMOBILES SA;2019;;;74228;
0006205027;GLACES THIRIET SAS;2019;;;62681;
0005800763;BARRY CALLEBAUT FRANCE;2019;;;88688;
0055301388;STE FLECHARD RAYMOND ALLAIN LEBAILLY;2019;;;72517;
0007202099;REVICO;2019;;97581;318;
0005400425;GRANULATS BOURGOGNE AUVERGNE;2019;9250;;;
0005804281;INITIAL;2019;41439;;1359;
0052900706;EARL EMILY;2019;8000;;;
0053502445;SOCIETE FROMAGERE DE RETIERS;2019;;;156555;
0005801443;SANOFI WINTHROP INDUSTRIE;2019;;;99742;
0006304150;CET ENVIRONNEMENT;2019;;50350;100;
0006400196;SAS ZEPHIRE;2019;;;83747;
0007000778;MAXAM TAN;2019;1458897;0;4203;0
0005901978;XPO TANK CLEANING SUD FRANCE;2019;15215;;272;
0053800651;TEISSEIRE FRANCE SAS;2019;204153;;;
0007201328;RHODIA OPERATIONS;2019;258757;;12563;
0006207323;GRANULATS VICAT;2019;;286803;;
0010005542;LES LAVANDIERES (ELIS TOURAINE);2019;29207;;;
0006000290;POLYREY;2019;;1171599;2346;
0006301971;Société RUSTIN;2019;39134;;912;
0005301810;ELVIA PRINTED CIRCUIT BOARDS;2019;;;60347;
0007000661;MC CAIN ALIMENTAIRE;2019;822591;;3000;
0010000532;ELIS BERRYLES- LES LAVANDIERES;2019;95492;;3081;
0006200817;INNOSPEC PERFORMANCE CHEMICALS;2019;730835;;;
0005302775;GILLOT SAS;2019;211895;85202;6709;
0006400486;NATUREX;2019;16463;;64111;
0056700195;BRUNO SIEBERT SA;2019;92118;;3035;
0050100354;EARL DES QUATRE SAISONS;2019;17850;;;
0006803381;SABLIERES MALET;2019;100945;;;
0006401314;CARRIERE LAFARGE GRANULATS FRANCE mallem;2019;180545;;;
0005701100;FORGEX RAGUET SAS;2019;;49120;2180;
0005701421;CRISTAL UNION;2019;2189449;;7274;
0006303873;CHARIER CM - CARRIERES ET MATERIAUX;2019;67650;;;
0006105003;MAJ ELIS LOIRE;2019;78318;;;
0006400839;SANOFI CHIMIE;2019;;303166;55845;
0005202713;SOBEGI SAS;2019;;638215;48386;
0006103699;EDILIANS ex IMERYS TC;2019;12969;;1725;
0009000040;BA 133 Nancy;2019;69409;;;
0055614993;SCEA DE KERGAL JOUAN;2019;23114;;;
0006102715;GERFLOR PROVENCE SNC;2019;112554;0;36431;0
0005301581;EURIAL (ex Délicelait);2019;;;129705;
0006400350;GRANULATS VICAT;2019;100214;;;
0006103988;TDS 73;2019;56877;;;
0054800091;SOCIETE FROMAGERE DU MASSEGROS;2019;;;273431;
0005200081;MUNKSJÖ ROTTERSAC SAS;2019;;3482857;1093;
0007001124;COCA-COLA PRODUCTION SAS;2019;;;708855;
0009069934;EDF - CNPE de Saint-Laurent-des-Eaux;2019;;100374864;;
0052903311;EARL DE RUOT;2019;17563;;;
0005206997;L.N.U.F. MONTAYRAL;2019;;;132724;
0006112328;ETABLISSEMENTS PROVERBIO;2019;;;102143;
0022200498;ALBIOMA;2019;;117818;;
0006301516;ROXANE;2019;984250;;;
0006208315;GRANULATS VICAT MONCEL;2019;;69945;;
0005401338;RHODIA OPERATIONS (groupe solvay);2019;;3507162;33000;
0052902360;GAEC DE KER AR CREACH;2019;21800;;;
0005500400;SAINT-BRIEUC FONDERIE;2019;;942963;3;
0006700516;BRASSERIE LICORNE;2019;;;332089;
0005301290;COMPAGNIE DES FROMAGES & RICHESMONTS;2019;;;560869;
0006506939;SIAAP;2019;2603411;;;
0006400273;SEC;2019;48541;;;
0005800357;TOTAL RAFFINAGE FRANCE;2019;;7225916;117490;
0005202511;CELSA France SAS;2019;534650;;;
0009069932;EDF - CNPE de Chinon (Chinon A, Chinon B, LIDEC);2019;518;176547888;;
0006700657;ETC Ennoblissement Technique Cernay;2019;74764;;572;
0006107841;ETOILE DU VERCORS;2019;95416;;8025;
0006700766;LINGENHELD ENVIRONNEMENT;2019;48973;;;
0006103787;TEINTURERIES DE LA TURDINE-BLD TURDINE;2019;;;66240;
0006104032;VON ROLL FRANCE;2019;12424;;;
0056100402;S N V;2019;23574;;253310;
0006803795;SAINT ANTONIN EAUX MINERALES;2019;267531;;140;
0005100901;SOPROGAZ;2019;14989;;;
0052902589;EARL LANNUZEL;2019;16160;;;
0005502037;ALTHO SAS;2019;;;252830;
0057902974;COOPERL ARC ATLANTIQUE;2019;;;267091;
0006103970;GIFRER BARBEZAT;2019;56092;;71228;
0005501486;CARGILL FRANCE SAS;2019;;430609;46767;
0006800581;CEMEX GRANULATS SUD OUEST;2019;331835;;;
0006600949;GSM;2019;8352;;87;
0006405807;SA PERRIN ET Fils;2019;12042;;;
0006501956;SAFRAN AIRCRAFT ENGINES;2019;110293;;;
0007000490;RDM BLENDECQUES SAS;2019;;1591916;3837;
0005100097;NESTLE France SAS;2019;;;498738;
0005901656;PERNOT S.E.T. (Crotenay);2019;46304;;;
0055603784;SCEA JOUBIER;2019;15550;;;
0053501396;HTL (ne plus utiliser voir 535-1395);2019;;;105511;
0006206155;GRANULATS VICAT ST CLEMENT;2019;;89453;;
0006102870;WINOA;2019;438991;;;
0052903142;EARL DE PRAT A LAND;2019;12000;;;
0052205413;SCEA AUBRY LE MAY;2019;;32392;;
0053800011;AOSTE SNC;2019;3141507;;3093;
0007404055;CLIMESPACE;2019;;;119448;
0005500808;ELIS LOCALINGE;2019;43924;;5735;
0006103287;C TEC CONSTELLIUM TECHNOLOGY CENTER;2019;141113;;;
0006301217;EDF SA;2019;;363015872;359036;
0053503901;SCEA CRESPEL;2019;22554;;;
0010600308;DAIKIN CHEMICAL FRANCE;2019;38907;;465;
0006200942;CFR Compagnie des Fromages & Richemonts;2019;378178;;33919;
0005401734;ELIS LES LAVANDIERES;2019;49024;;1260;
0006400318;MANE ET FILS NOTRE-DAME;2019;;;103635;
0006700577;ROSSMANN;2019;;9851;;
0005901195;CF2P SAS (ex IKEA INDUSTRY FRANCE);2019;;;220000;
0005503774;KNAUF INDUSTRIES OUEST;2019;;154713;;
0006702704;STRASBOURG CENTRE ENERGIES;2019;7827;;;
0006100021;SARL DANNENMULLER TLTP;2019;8984;;;
0006400319;MANE ET FILS LA SARREE;2019;;;96908;
0005401307;SALZGITTER MANNESMANN PRECISION ETIRAGE;2019;24635;;3208;
0052903750;SAS Jean GUEGUENIAT;2019;25315;;;
0005200110;CORENSO France SA;2019;638;805760;;
0006404835;AIR LIQUIDE FRANCE INDUSTRIE (ALFI);2019;;;449245;
0005200361;SIAP-SARP INDUSTRIES AQUITAINE PYRENEES;2019;;;52457;
0052600332;BERNARD ROYAL DAUPHINE;2019;92719;;29053;
0005700356;CARRIERES DE L'EST;2019;37000;;;
0007203926;CALCIA Ciments Usine;2019;;212920;16868;
0006202172;MARCILLAT CORCIEUX;2019;;362392;1167;
0010600002;BIOMERIEUX;2019;86548;;;
0005302766;ECLOR BOISSONS;2019;90584;;;
0053700938;Coopérative Agricole de la Lande;2019;197494;;3837;
0005202283;CONSERVES FRANCE SA;2019;;600185;1633;
0006700049;SARL SABLES ET GRAVIERS WILLERSINN;2019;1184023;;;
0052901620;GAEC LE CAM;2019;15000;;;
0006101769;ANNECY BETON CARRIERES;2019;;28199;;
0052901536;SARL LE PAGE;2019;11500;;;
0005900162;PAPETERIE ZUBER RIEDER;2019;529004;;495;
0006400518;COMPAGNIE GENERALE DES EAUX DE SOURCE;2019;636122;;2508;
0006503268;RENAULT FLINS;2019;19;764350;35991;
0051800377;LE PREAU SAS;2019;42685;;;
0055600745;GAEC MORIO et Fils;2019;10000;;;
0005202240;BMS UPSA;2019;;;64053;
0055000439;SOCOPA VIANDES;2019;;;189511;
0005106149;HOLCIM GRANULATS REGION NORD OUEST;2019;369378;;;
0006300063;CHARIER CM - CARRIERES ET MATERIAUX;2019;581950;;;
0006101115;MOREL SARL;2019;115360;;;
0057900585;SCEA L'AUBERGERE;2019;16425;;;
0005601324;LES FROMAGERIES OCCITANES;2019;;;109542;
0006201943;SOCIETE MECANIQUE AUTOMOBILE DE L'EST (SMAE);2019;;;171614;
0052903121;SCEA CUEFF;2019;;18759;;
0006202274;NORSKE SKOG;2019;6827769;;;
0006102968;CATERPILLAR FRANCE SAS;2019;31169;;22445;
0006202229;PAPETERIES DE CLAIREFONTAINE;2019;;2389993;9188;
0005504457;COMPAGNIE DES PECHES PRODUCTION;2019;44978;;2899;
0005101055;XPO TANK CLEANING NORD FR. (ex SONECOVI);2019;34680;;;
0007000516;DOUAISIENNE D'ABATTAGE;2019;;;66114;
0006506328;GALVANOPLAST / SOCORFI;2019;27954;;13741;
0055600689;SARL LE MENE;2019;27629;;;
0006601578;SOLVAY Rhodia Opérations;2019;;;79705;
0018300011;CARRIERE VAILLS SAS LES SABLONS - ISDI;2019;72067;;;
0006701094;STANDART SAS;2019;264605;;836;
0010600172;ELIS R.A. EX CWS FRANCE;2019;47497;;;
0006104665;METAL X;2019;10224;;;
0006700536;SENERVAL UIOM;2019;364201;;4484;
0009073701;Station d'épuration de La Grange David;2019;34092;;6819;
0006402237;INTERXION;2019;;;79759;
0006600276;DISTILLERIE LA CAVALE;2019;;97920;;
0005302036;SOCOPA VIANDES;2019;;;90337;
0006204953;ELIS LORRAINE/PIERRETTE TBA;2019;;;133174;
0006400686;SEM;2019;;12000000;;
0005100912;AGCO;2019;14505;;9979;
0005201635;MLPC InternationalSA;2019;87643;555519;1993;
0006000439;CARTONNERIE JEAN;2019;;55998;1028;
0054901882;SOUILLETS (GAEC LES);2019;60400;;;
0006103546;RECYLEX;2019;13397;;665;
0006201969;SCHOTT VTF;2019;31323;;5319;
0006401323;LAFARGE GRANULATS FRANCE SENAS;2019;10422;;;
0052902743;TERROM (SCEA);2019;13000;;;
0006600638;MAJ - ELIS PROVENCE;2019;71920;;1488;
0005300285;PSA AUTOMOBILES SA;2019;88452;;8395;
0006002605;SILAB - STE INDUSTRIELLE LIMOUSINE;2019;;159;86531;
0006802476;SAS VM BUILDING SOLUTIONS;2019;;367944;;
0010300060;CHARLES ET ALICE;2019;;261014;46002;
0006301117;ARCELORMITTAL FRANCE;2019;;873306;23518;
0006806833;CEMEX GRANULATS Sud Ouest;2019;;31825;;
0005701463;REMOISE DE VALORISATION DES DECHET.;2019;45554;;14465;
0007100121;ALBIOMA Bois Rouge;2019;;2536520;5482;
0006112329;SK Functional Polymer;2019;;;97941;
0007002398;ASCOVAL SAINT-SAULVE;2019;0;268468;32453;0
0006300033;CHARIER CM - CARRIERES ET MATERIAUX;2019;690240;;;
0053500649;SOC PRO HYBRIDES;2019;9944;;;
0052903294;EARL COSQUER;2019;15040;;;
0006201828;COLLECTE LAIT SARREBOURG;2019;35494;;;
0005401901;REFRESCO France;2019;;;154395;
0005202615;Pyrenefrom;2019;;;80446;
0052903123;GAEC AR MANERIOU;2019;13454;;;
0005205286;KNAUF INDUSTRIES SUD-OUEST;2019;;14712;161;
0053502429;SOCIETE BEURRIERE DE RETIERS;2019;;;164263;
0006700503;BASF;2019;0;1388043;18396;0
0006103644;SANOFI PASTEUR MARCY;2019;;;314658;
0007000887;SOCIETE DE TRANSMISSIONS AUTOMATIQUES;2019;14391;;5077;
0010700305;LANXESS Epierre;2019;1054690;;727;
0010000651;CHALUMEAU LAQ'ALU SA - ANOLAQ;2019;11941;;950;
0006202396;EGGER PANNEAUX ET DECORS;2019;;227978;85437;
0057200348;LUISSIER BORDEAU CHESNEL;2019;;;137587;
0006503465;ALPA ACIERIES LAMINOIRS PARIS;2019;34106;;326628;
0010001557;TEREOS FRANCE;2019;783852;;10202;
0006102652;SODEREC INTERNATIONAL S.A;2019;8120;;;
0005701719;TEREOS FRANCE;2019;208421;;161195;
0005207576;ELIS BERROGAIN;2019;17226;;143;
0005204554;SAS GROUPE DANIEL;2019;;12213;;
0006300037;CHARIER CM - CARRIERES ET MATERIAUX;2019;640956;;;
0007002799;MENISSEZ FRAIS SAS;2019;;;96021;
0052500675;FROMAGERIE MULIN SAS;2019;;;92933;
0007002548;SI GROUP-BETHUNE;2019;146290;;;
0006807009;EURALIS GASTRONOMIE SAS;2019;350990;;10358;
0052901614;EARL DE ROC H GUEN;2019;12071;;;
0007100060;COMPAGNIE LAITIERE DES MASCAREIGNES;2019;329497;;71671;
0005801578;NIPRO PHARMAPACKAGING FRANCE;2019;41589;;1107;
0006401321;CONSERVES FRANCE;2019;229744;;;
0007001409;CANELIA;2019;;;273584;
0006803194;PROLAINAT SA;2019;;;145315;
0005500609;BUNGE France;2019;;;212720;
0055603184;SARL DE L'OUST;2019;12500;;;
0058600345;EARL LA JOUBERTIERE MR GOURMAUD;2019;10500;;;
0006700612;LILLY FRANCE;2019;;;258884;
0006802412;SETMI;2019;;222937;140221;
0007001279;ENGIE Thermique France - Centrale DK6;2019;;211105;;581332350
0006300988;FLEURY MICHON LS;2019;;;203618;
0005201748;SÉBASTIEN LABARRIERE;2019;172748;;;
0005303622;YSCO FRANCE;2019;;;154744;
0005803207;SEA-TANK ROUEN;2019;26885;;;
0052902712;EARL DE KERVICHEN;2019;10600;;;
0006401061;EDF CCG de Martigues;2019;;242260;5432;493431136
0006102885;ST MICROELECTRONICS;2019;;;3467320;
0007001186;SIB (ex CEMA);2019;7555;;9928;
0009076702;Station d'épuration des eaux usées de l'Eurométropole de Strasbourg;2019;741260;;5946;
0006700648;LANA PAPIERS SPECIAUX II;2019;521455;;;
0006401556;ORANGINA SUNTORY FRANCE PRODUCTION;2019;324083;;1019;
0006301010;SOCIETE LAITIERE DE MAYENNE;2019;3213;;408632;
0005101904;PROCTER et  GAMBLE AMIENS;2019;;;774680;
0006700404;ROQUETTE FRERES;2019;8084340;22347268;;
0006300391;CHARIER CM - Guichonnet;2019;33705;;;
0052902597;PRIMEL GASTRONOMIE;2019;19294;;53493;
0005202760;YARA France SAS;2019;;1504193;;
0006303453;OVOTEAM;2019;;;93234;
0005201506;Usine DRT Castets;2019;;;167114;
0007406008;SNCF Technicentre Atlantique;2019;;;135739;
0005601338;GERENTES SAS;2019;;28446;103900;
0006301007;HERBIGNAC CHEESE INGREDIENTS;2019;152589;;583365;
0052900719;SCEA DE KERLAOUENAN;2019;18250;;;
0005101916;Mersen (ex CARBONE LORRAINE);2019;;;78655;
0007001055;SEVELNORD;2019;231389;;25559;
0052901895;SARL DE KERANFORS;2019;15689;;;
0052903875;SAS FERME DU COSQUER;2019;14972;;;
0005515356;KERMENE - TRELIVAN;2019;;;112808;
0005101072;REGEAL;2019;61018;;0;
0005400431;CARRIERES ET MATERIAUX;2019;;309290;3330;
0006100960;BALTHAZARD et COTTE;2019;39172;;;
0006200067;EDF - CCG Blénod;2019;;2148469;1989;
0053800596;ELEVAGE DU BUGEY;2019;13700;;;
0006303438;INITIAL SERVICES TEXTILES;2019;57087;;8;
0055603722;SOCIETE FROMAGERE DE PONTIVY;2019;;;307493;
0007201348;RHODIA  OPERATIONS;2019;1310866;;19859;
0010300099;SOLE MIO;2019;7800;;8100;
0006301481;VAUBERNIER;2019;;;129075;
0006802298;SAS TARNAISE DES PANNEAUX;2019;;301816;3419;
0005101078;COLGATE PALMOLIVE;2019;478998;;10689;
0006400685;SEM;2019;;40000000;;
0006000314;SMURFIT KAPPA Papier Recyclé France;2019;;1786704;6846;
0052903952;SCEA DE KERBREZELLEC;2019;14375;;;
0006101989;KEM ONE;2019;1887522;;1740;
0005701783;MALTEUROP FRANCE;2019;;;678339;
0057201121;DROUAULT;2019;55985;;3495;
0007300024;EDF Corse;2019;0;0;408980;0
0052902505;FRONERI FRANCE SAS;2019;40612;17716;133835;
0009000208;ONERA;2019;;14715000;;
0052902265;EARL DU MANOIR;2019;13500;;;
0005401426;TERREAL SAS;2019;;7029;19540;
0005102647;LAFARGEHOLCIM GRANULATS;2019;;7772;;
0006700642;ESSITY (ex TISSUE FRANCE);2019;878694;;120;
0007000949;SPECITUBES SAS;2019;19820;;;
0052902813;SCEA PICART;2019;12526;;;
0006601133;LANGUEDOC GRANULATS;2019;8164;;;
0007000761;AGC FRANCE SAS;2019;49744;785689;7869;
0052202451;EARL DE LA BELLE JOIE;2019;13670;;;
0010600538;HCL HOPITAL LYON SUD;2019;;;127058;
0006503183;SUEZ RV Energie - AZALYS;2019;;;57148;
0006204558;ARCELORMITTAL CF;2019;21727;;52578;
0005701122;CANELIA;2019;78111;;278340;
0006302382;BOUYER LEROUX SA;2019;11611;;3777;
0006302409;LES OEUFS GESLIN;2019;;;80224;
0005201174;SCEA FOUGERAIE;2019;18933;;;
0005401289;PRYSMIAN;2019;198707;;9140;
0055601902;SARL DES HORTENSIAS;2019;17600;;;
0006103135;PATURLE ACIERS;2019;46935;;6519;
0006302581;SAVED;2019;22389;;2032;
0006503345;LINXENS FRANCE;2019;49997;;;
0005401391;ETABLISSEMENTS BRUGERE;2019;56970;;;
0009074501;STEP - LA CHAPELLE-SAINT-MESMIN;2019;171763;;;
0005800355;ARKEMA;2019;;466602;2287;
0052900301;MARIE;2019;;;54726;
0005201008;SABENA TECHNICS BOD SAS;2019;18138;;226;
0052902925;EARL DU LEURIOU;2019;20500;;;
0007001228;REFRESCO LEQUESNOY (exEMIG PRODUCTION);2019;;73723;76063;
0005701489;FORBO SARLINO;2019;11006;;1966;
0006102124;VERALLIA Lagnieu;2019;125966;0;7164;0
0010400164;KERRY RAVIFRUIT;2019;126520;0;15381;0
0005301223;ANETT 2;2019;64886;;;
0050100327;LAITERIE COOPERATIVE AGRICOLE ETREZ;2019;;;61780;
0009069905;EDF - CNPE de Penly;2019;;285000;;2497999870
0007206660;SAS SABLIERES DE GOUEX;2019;130205;;;
0006400155;UNION GRAP'SUD;2019;;;50740;
0005601318;LES FROMAGERIES OCCITANES;2019;;260893;;
0007001084;SICCANOR;2019;;129600;2402;
0005800375;ASHLAND SPECIALTIES France;2019;904540;;;
0006301295;CONSTELLIUM MONTREUIL JUIGNE SAS;2019;;58702;4485;
0010400570;SCEA SOGIFRA - MEPIEU;2019;10000;;;
0006301300;ARJO WIGGINS SAS- papeterie;2019;;751570;;
0052216212;SCEA BOUETARD JF;2019;10686;;;
0010000220;SEALED AIR  SAS;2019;73555;;46747;
0052901332;EARL DU DRENNEC;2019;10928;;;
0005900890;SOCIETE FROMAGERE DE LONS LE SAUNIER;2019;;;105923;
0006003019;SPECIALTY MINERALS FRANCE;2019;;;274623;
0052903803;EARL CAPITAINE;2019;14335;;;
0006114913;SOCAFI (ITM);2019;79811;;;
0006400997;LYONDELL CHIMIE SAS;2019;;;3019495;
0006401302;DURANCE GRANULATS;2019;8320;;;
0051500300;LES FROMAGERIES OCCITANES LANOBRE;2019;;;67900;
0007402283;SIAAP;2019;233645;;124610;
0010000931;TERR'LOIRE (Société Nouvelle);2019;148531;;;
0006402211;Petroineos Manufacturing France SAS;2019;;4787738;52494;4500000
0005300973;FROMAGERIE DE LIVAROT;2019;123625;;12607;
0006402139;ELENGY (CAVAOU);2019;;145529824;18866;
0006502601;MAGIC RAMBO (ou SNC THIMEAU) (ELIS);2019;118058;;;
0005600197;TANNERIES DU PUY SAS;2019;;192449;;
0006800423;SABLIERES MALET SA (Martres tolosane);2019;313760;;;
0052205723;SCEA HAUTE HOUSSAIS;2019;8030;;;
0055601181;SCEA ANNIC;2019;7482;;;
0005300048;PIGEON GRANULATS NORMANDIE;2019;30101;;;
0018100044;FULCHIRON INDUSTRIELLE;2019;143315;;;
0005105839;SYNTHOMER (ex HEXION MOMENTIVE);2019;95727;51091;4556;
0005701601;MHCS - MERCIER;2019;12159;;1640;
0052902734;SCEA DES TROIS VALLEES;2019;14600;;;
0007000534;SYNTHEXIM (Site Calaire);2019;;5141;278321;
0006508999;MAJ ELIS;2019;51458;;4970;
0052700280;SOCOPA VIANDES;2019;;;89879;
0052903612;GAEC KERAUDY;2019;10700;;;
0005801044;DS SMITH;2019;4732278;;;
0052902141;SCEA DE LA VALLEE;2019;25050;;;
0005200074;BERKEM SAS;2019;45975;;1620;
0005302209;SOCIETE FROMAGERE DE DOMFRONT;2019;134202;;134202;
0006700018;EQIOM;2019;1657485;;;
0005600041;STELLANTIS (ex PSA Peugeot Citroen);2019;131400;;163056;
0005801350;MAJ (ELIS NORMANDIE);2019;134860;;5334;
0007402779;MAJ BLANCHISSERIE DE PANTIN;2019;;;55979;
0006110073;MP HYGIENE SAS;2019;;176020;2317;
0005200010;POLYREY S.A.S. (usine);2019;;599220;21544;
0006806474;COFELY;2019;211233;;;
0055603817;GAEC COUE;2019;13695;;;
0050100813;BOEHRINGER INGELHEIM SANTE ANIMALE;2019;24311;;3144;
0054901090;ELIVIA SAS;2019;;;223616;
0055603721;SOCIETE LAITIERE DE PONTIVY;2019;;1275553;161665;
0005802579;SNCF VOYAGEURS SA;2019;;18930;44213;
0005301484;AURYS GLASSOLUTIONS S.A.S.;2019;;;122716;
0006102523;SPIT;2019;675663;;;
0054902461;RIBOTELIERE (GAEC DE LA);2019;8858;;;
0006102435;LAFARGE CIMENTS;2019;374231;;;
0005801058;PRYSMIAN CABLES ET SYSTEMES FRANCE;2019;720703;;3704;
0009069901;EDF - CNPE du Blayais;2019;4013;5058354200;;
0052900635;BIOCEVAL;2019;39409;1420;;
0005300884;DANONE PRODUITS FRAIS FRANCE;2019;;;269959;
0006301099;COMPAGNIE EUROPEENNE DE TANNAGE-CET;2019;;155766;9837;
0055602981;EARL COSPEREC;2019;10950;;;
0010004439;NEXANS France;2019;24265;;6255;
0005211416;TORAY CARBON FIBERS EUROPE SA;2019;;;175220;
0053500596;TENDRIADE;2019;;;201073;
0005401208;PRYSMIAN;2019;70449;;5862;
0010004108;EBLY;2019;;;93346;
0010300065;NOVOCERAM SAS;2019;37019;;;
0007100088;Brasseries de Bourbon;2019;;;197719;
0006208290;Fromagerie RENARD GILLARD;2019;;;76080;
0005504355;PONTIVY COMMUNAUTE - STEP;2019;;2244640;;
0006411266;INEOS CHEMICALS LAVERA LPP (ICL - LPP);2019;;408886;33120;12264000
0006401807;Centre Commercial NICE TNL;2019;380919;;;
0006104466;TRIMET;2019;1066135;5601046;0;0
0010006622;NOVANDIE;2019;464152;;0;
0006802516;IMERYS;2019;17604;1513952;0;
0005600465;EUROPAFI;2019;;520818;14350;
0006104169;HCL HOPITAL DE LA CROIX ROUSSE;2019;;;92170;
0005101189;BIGARD SA;2019;;;76074;
0005501252;DAREGAL;2019;;;75509;
0052902496;EARL LE BERRE;2019;20750;;;
0006100821;SCB;2019;110337;;;
0052900746;GAEC DE LESTANET-HUELLA;2019;24000;;;
0006700717;FONDERIE DE LA BRUCHE - COLIBRU;2019;;140121;2271;
0009071301;Station d'Epuration : AIX EN PROVENCE LA PIOLINE;2019;;;66654;
0005200351;SIMOREP & CIE- CS MICHELIN;2019;599562;421577;12060;
0006702046;KERMEL;2019;2041804;;2500;
0006504594;DARBONNE;2019;364157;;;
0055602600;PEP BRIZEUX;2019;;;74556;
0006600448;CIMENTS CALCIA;2019;45043;;8743;
0007100099;Sucrerie de Bois Rouge;2019;;1005723;5797;
0054200986;CANDIA;2019;;;199201;
0005800545;MANOIR INDUSTRIES;2019;350531;;928;
0006103851;TOKAI COBEX SAVOIE;2019;905301;;3031;
0006107855;GENZYME POLYCLONALS;2019;;;60024;
0006300918;YARA FRANCE;2019;;;1082308;
0006400956;OXOCHIMIE;2019;;552172;;
0005701253;SAINT-GOBAIN PAM;2019;;742627;4865;
0005902723;GEMDOUBS (ex PAPETERIE DU DOUBS ex OTOR);2019;587030;;;
0052204897;EARL GRONE;2019;15184;;;
0007000658;TEREOS France;2019;514675;;2312;
0006506552;SANOFI CHIMIE;2019;454690;2139854;224711;
0057200464;VALLEGRAIN ABATTOIR;2019;18846;113640;;
0006705769;WAGRAM TERMINAL SAS;2019;15196;;1303;
0006601577;AXENS SA;2019;;;222170;
0006207526;FROMAGERIE HENRI HUTIN;2019;523989;;;
0005206066;DRAGAGES PONT DE LESCAR S.A.;2019;57225;;;
0006202541;VISKASE;2019;;797664;2446;
0006700614;LEUCO PRODUCTION SAS;2019;55800;;2060;
0006700373;SETE;2019;39328;;;
0006104473;MSSA S.A.S.;2019;;812189;33658;
0053502428;SOCIETE LAITIERE DE RETIERS;2019;276524;;745555;
0055601354;SCEA FORMAL;2019;14600;;;
0005900888;FROMAGERIES BEL PRODUCTION FRANCE;2019;;;67804;
0006804068;SOCIETE DES EAUX MINERALES DE LUCHON SAS;2019;161200;;970;
0010008426;INITIAL BTB;2019;20315;;;
0006802513;FERROPEM;2019;;1632996;2364;
0057400619;FRUITE SAS SITE II;2019;89203;;50471;
0006102993;ARKEMA;2019;24571472;;197710;
0052902842;EARL DE LA CIGOGNE;2019;15311;;;
0005101610;SAINT GOBAIN GLASS;2019;218943;;;
0009000296;RMT;2019;182356;;;
0006802181;Aubert et Duval usine de Pamiers;2019;7396;1090131;19481;
0006301731;NOVANDIE;2019;299598;;933;
0006700643;TEREOS STARCH & SWEETENERS EUROPE;2019;4367825;;38575;
0052903857;EARL TOURBOT;2019;11800;;;
0007205571;DISTILLERIE DE LA GROIE;2019;75107;;;
0006506453;TIRU;2019;;578169;8895;
0005300217;SNCF - ETS REGIONAL DES LIGNES NORMANDES;2019;;20400;7795;
0006202256;OI France SAS;2019;;336715;23566;
0005801222;LES ATELIERS DU GOUT;2019;;;115995;
0005702999;SAIPOL;2019;423455;;3735;
0010013356;ORGAPHARM consolidé (sites 1 et 2);2019;224835;0;32707;0
0006506277;SAFRAN AIRCRAFT ENGINES;2019;71556;;34114;
0010001585;SIFA TECHNOLOGIES SA (GROUPE ARCHE);2019;53366;;1273;
0005504193;HYDRACHIM;2019;12425;;16277;
0010010029;ICT FRANCE SAS;2019;466339;;5167;
0007300073;SARL CARRIERE CENTRE CORSE;2019;;11651;;
0009069939;EDF - CNPE de Cattenom;2019;;249304016;12200;
0006600803;UNION DES DISTILLERIES DE LA MEDITERRANE;2019;;130878;16459;
0054900588;CHARAL SAS;2019;18791;;174053;
0006103750;BENTA LYON;2019;;;79798;
0005804239;OSILUB;2019;;;140000;
0006200031;MANUFACTURE DE BACCARAT;2019;150020;34612;0;
0050100424;EUROSERUM;2019;12541;;;
0006100812;GRANULATS VICAT;2019;;136274;;
0006601574;GIE CHIMIE SALINDRES;2019;;533087;;
0006110007;COSMOPAR SA;2019;25672;;3478;
0006201556;SOCIETE MECANIQUE AUTOMOBILE DE L EST (SMAE);2019;62593;;8434;
0005901098;MILLERET Fromagerie;2019;;;185915;
0006506261;COCA COLA EUROPEAN PARTNERS FRANCE;2019;;;205258;
0006103189;EUROFLOAT;2019;127350;;44957;
0007001955;MAISON MENISSEZ SA;2019;;;174609;
0007204242;ANETT UN;2019;83528;;570;
0052904060;SCEA DANOUEDEL;2019;10350;;;
0007004376;DAUNAT NORD (ex DANIEL DESSAINT TRAITEUR;2019;;;62692;
0006802617;SOGEFI FILTRATION FRANCE;2019;;12229;1315;
0006600403;COMPAGNIE des SALINS DU MIDI;2019;;589041;18359;44000000
0006502209;CALCAIRES DE LA BRIE;2019;434393;;;
0005101341;Brasseries et Cidreries de Milly;2019;16188;;;
0016400436;SOC NOUVELLE DES ETS ROCHIAS;2019;7090;;24417;
0007003326;C&D FOODS France;2019;;;61580;
0052901489;EARL DARE;2019;10350;;;
0052903737;LANNON Dominique;2019;12850;;;
0006302424;ELIS ANJOU (SAS LES LAVANDIERES);2019;;;88559;
0052400144;TOMATES D'AQUITAINE;2019;110000;;1717;
0006700723;ALOXAN;2019;18448;;2490;
0052201315;GAEC DE LORGERIE;2019;;10754;;
0006102314;TANNERIE D'ANNONAY S.A.;2019;;;112909;
0052900432;SOCOPA VIANDES;2019;;;287181;
0052902774;SAS LE VERGE;2019;22540;;;
0005100349;SOPROCOS;2019;57890;;958;
0006112223;CEICA INDUSTRIE SAS;2019;1082376;;;
0006207572;INEOS Polymers SARRALBE SAS;2019;;2370298;43909;
0007000575;DICKSON CONSTANT;2019;;;84592;
0006700656;VELCOREX since 1828;2019;187457;;6112;
0006105231;KALHYGE 1;2019;15587;;3596;
0007000956;ARCELORMITTAL FRANCE Dunkerque;2019;;13908419;749730;43800000
0022100006;ALBIOMA LE MOULE;2019;0;1539087;3457;
0007000772;PREFERE RESINS FRANCE (ex DYNEA);2019;;11308;575;
0007005525;EDF Bouchain_CCG;2019;;2801185;2458;
0006200199;SAINT GOBAIN PAM (Usine Foug);2019;359641;1870221;37000;
0006502721;Société des Calcaires de Souppes / Loing;2019;18000;;;
0006501905;LINDE France s.a.;2019;;74120;3028;
0052904354;CANDIA;2019;;180984;1975;
0005800595;HOLOPHANE SAS;2019;107307;;3655;
0010000839;BABY;2019;56754;;15075;
0005901100;FIDAY GESTION;2019;6040;248503;6513;
0005800543;SEALYNX INTERNATIONAL;2019;4277;515186;7378;
0005101507;SYNTHOS ( ex INEOS STYRENICS);2019;84085;76321;1605;
0010004861;GSM;2019;2650;177198;;
0006508159;KNAUF PLATRES et Cie;2019;231908;;12966;
0005701906;BRODART;2019;18616;;1346;
0007000589;INEOS STYROLUTION FRANCE SAS;2019;1176143;;;
0005503619;ELIS LOCALINGE;2019;74188;;1565;
0055603496;KERMENE;2019;;;60103;
0009069914;EDF - CNPE de Cruas;2019;2000;447641984;;
0007000711;SASA;2019;8000;;3094;
0052900217;BRIANT (EARL);2019;14500;;;
0006100944;CEMEX Granulats Rhône Méditerranée;2019;61575;;;
0006300337;PIGEON GRANULATS LOIRE ANJOU - Nyoiseau;2019;;42500;;
0007001142;FINDUS France (SA);2019;;;53324;
0006700652;TIMKEN EUROPE;2019;24895;;21307;
0005302582;SOFEDIT SAS;2019;37101;;;
0005701475;O-I FRANCE SAS;2019;48287;;40706;
0009069936;Centre CEA Paris-Saclay - Site de Saclay;2019;;;80668;
0007000962;IMERYS (ex Kerneos);2019;;;114176;
0005700052;GRANULATS GNE Carrière de Pierre Bleuee;2019;17635;;;
0006502739;OUVRE FILS Sucrerie et Distillerie;2019;7270;18460;5692;
0005200249;FORESA FRANCE SAS;2019;114879;;92402;
0006503111;SABLES DE BREVANNES;2019;;65171;;
0010000712;OUDIN Cartonnerie;2019;;150430;;
0006103633;JTEKT AUTOMOTIVE LYON;2019;1185036;;;
0005701763;LE BRONZE INDUSTRIEL (ancienne);2019;323998;;667;
0010300109;VALRHONA;2019;27890;;29235;
0006104344;ARC FUSED ALUMINA;2019;811983;1117659;;
0006400055;Sté ELIS SANTE ROUSSET;2019;;;92215;
0052902705;EARL DU KOZKER;2019;10889;;;
0005701671;TEREOS NUTRITION ANIMALE;2019;97880;;464;
0010001801;VALCANTE - Nouvelle UIOM;2019;36997;;14200;
0005302864;MONT BLANC SAS;2019;376426;;1030;
0005300806;ARKEMA;2019;;;368435;
0051401428;BROCELIANDE - ALH;2019;;;110493;
0006503241;SAINT GOBAIN ABRASIFS;2019;29931;;20156;
0052903144;SARL BERTHEVAS;2019;15200;;;
0006506266;CEVE (Ex SDCC);2019;;;117658;
0007000673;ASCOMETAL LES DUNES (ex ASCO Industries);2019;11765;1100494;64664;
0010001744;DURALEX INTERNATIONAL;2019;53439;;4;
0006101563;GRANULATS VICAT;2019;114010;;;
0010000902;BTG BOUTHEGOURD;2019;116230;;445;
0005800585;KIMBERLY CLARK SNC;2019;209537;;148919;
0009000321;AIA Ambérieu en Bugey;2019;9890;;1619;
0007001833;TATA STEEL MAUBEUGE SAS;2019;;285896;13284;
0005902685;INOVYN France;2019;21591972;25723996;;
0007402253;SGD SA;2019;71480;;112877;
0006802944;ARIANEGROUP (ex HERAKLES);2019;;1244110;11581;
0006301701;MESSER FRANCE;2019;;;144000;
0006401133;ABC INDUSTRIE;2019;157010;;;
0010004681;LISI AUTOMOTIVE NOMEL SAS;2019;100914;0;350;
0005500769;JRS  MARINE PRODUCTS LANDERNEAU;2019;;774962;7023;
0005700958;CEMEX GRANULATS  - Région Val de Seine;2019;32095;;;
0040000207;EVOLLYS;2019;;;277265;
0006109203;SPIT;2019;202748;;;
0006501602;BASF (ex COGNIS FRANCE SIDOBRE SINNOVA);2019;;258382;118804;
0005701543;VERALLIA-FRANCE;2019;56380;;;
0057400015;ENTREMONT SAS;2019;27203;;54128;
0005800699;COOPER STANDARD FRANCE Etb LILLEBONNE;2019;;546770;2052;
0005504579;VERGERS DE CHATEAUBOURG SAS;2019;;;272145;
0005800509;ORIL INDUSTRIE;2019;;326763;80264;
0006102911;CATERPILLAR FRANCE S.A.;2019;160735;;22797;
0006201080;EURIAL ULTRA FRAIS;2019;;;297267;
0006802998;AUTONEUM France SASU;2019;8239;;1716;
0053503228;LES DELICES DU VAL PLESSIS SAS;2019;92024;;11519;
0052905032;EARL LOSTANLEN;2019;17892;;;
0005201616;SOLEAL SAS;2019;305358;;8681;
0005302750;SOCIETE EXPLOITATION DES SOURCES ROXANE;2019;47663;119361;395976;
0005202274;RAYNAL ET ROQUELAURE;2019;;90532;475;
0007000656;TEREOS Sucrerie de Boiry;2019;183577;;20228;
0006100080;SARL DANNENMULLER THIERRY;2019;35520;;;
0052204653;SCEA ELEVAGE DE LA VALLEE CAVET;2019;25550;;;
0005302849;LACTALIS NESTLE ULTRA FRAIS MARQUES;2019;549979;;;
0053501141;GAEC BINARD;2019;14480;;120;
0058900008;SCEA LES TREMBLATS II;2019;19079;;;
0006700361;NLMK Strasbourg;2019;2012373;;13001;
0006601116;SANOFI Aventis R&D;2019;;;73208;
0005101667;DOW France (ex ROHM AND HAAS);2019;;18000;2123;
0007000473;BRIDGESTONE/FIRESTONE FRANCE SA;2019;152899;0;8236;0
0009069906;EDF - Site de Brennilis;2019;535423;;;
0010300046;DELIFRANCE;2019;45326;;65410;
0006100900;BUDILLON-RABATEL;2019;231913;;;
0006503523;CNIM THIVERVAL GRIGNON;2019;;;52358;
0052904209;EARL BONNIOU;2019;10000;;;
0006104447;RDM LA ROCHETTE  SAS;2019;;2838910;57440;
0006400411;RAYNAL et ROQUELAURE Provence;2019;448202;0;0;0
0005511494;INITIAL BTB (BLANCHISSERIE);2019;14916;;6406;
0006303646;BOUYER LEROUX SA;2019;14713;;;
0005701609;SAS GIVAUDAN France;2019;127513;;423;
0005202507;SAFRAN Helicopter Engines;2019;80055;517681;23552;
0050100364;BRESSOR SA;2019;366018;;10321;
0057101443;PALMID'OR BOURGOGNE;2019;;;89732;
0051600408;SCEA KERGHYL;2019;11190;;;
0006100872;GRANULATS VICAT;2019;22559;;20;
0006900568;EDF PEI Bf2;2019;;;866;97649
0054500401;DOMAINE DES ACACIAS;2019;9000;;;
0006600307;GROUPE GRAP'SUD rieux;2019;;36772;1200;
0006103724;KEM ONE;2019;2556706;2548178;11418;0
0005701961;Michelin MFPM;2019;;;604615;
0010003753;CEMEX GRANULATS NORD;2019;175739;;;
0006103643;BioMerieux SA;2019;;;50812;
0006102645;AIR LIQUIDE FRANCE INDUSTRIE;2019;133329;;;
0006301139;BSN medical SAS;2019;;64783;2006;
0005101887;METEX NOOVISTAGO (ex AJINOMOTO);2019;5741636;;;
0007000489;NORPAPER AVOT-VALLEE SAS;2019;1112728;;8456;
0006101466;CARRIERES DE SAINT LAURENT;2019;74150;;;
0006103192;AIR LIQUIDE ADVANCED TECHNOLOGIES;2019;109079;;4758;
0052902590;GUILLERM MORIZUR (EARL);2019;10940;;;
0006105210;SARL élevage du Formans;2019;9980;;1500;
0005201764;CHEMVIRON;2019;485316;;5531;
0005800410;RENAULT S.N.C.;2019;1404276;;26797;
0005901226;LA ROCHERE S.A.;2019;;76898;3438;
0006102837;TECUMSEH CESSIEU SAS;2019;42987;;1574;
0006700502;CICE-CIE INDUSTRIELLE DES CHAUFFE EAU;2019;30548;;7356;
0006700722;ALSACE LAIT;2019;;2030239;;
0005800433;LAFARGEHOLCIM CIMENTS;2019;;;55653;
0005700724;MC CAIN ALIMENTAIRE;2019;1003432;;;
0007004733;MINAKEM DUNKERQUE PRODUCTION;2019;;;66042;
0006900013;EDF SEI;2019;;;227429;
0010001132;FEDERAL MOGUL OPERATIONS FRANCE;2019;82062;;3391;
0006802382;GIT  SAS;2019;29200;;2660;
0006802822;MECAERO;2019;16268;;;
0052900549;SARL LE GALL;2019;9500;;5000;
0006700429;DSM Nutritional Products France;2019;552240;;275729;
0006102064;AEROCAN FRANCE;2019;;31213;10696;
0006201398;BAUMGARTEN S.A.;2019;;77474;;
0006700463;PUNCH POWERGLIDE (Ex GM);2019;3864643;;7139;
0007002299;SOUP'IDEALE;2019;;;64207;
0006802267;PIERRE FABRE MEDICAMENT;2019;48909;;31768;
0054902469;SECHET CHAINDRIE (GAEC);2019;12959;;;
0006400004;CEA CADARACHE;2019;;311815;;
0005201807;EGGER Panneaux & Décors;2019;107055;;12497;
0055602261;EARL DES ROSES;2019;10500;;;
0003801489;AOPLI Association d'Organisation de Producteurs de Légumes d'Industrie;2019;;219902;;
0010003759;EQIOM Granulats (ex HOLCIM);2019;16917;;;
0005601336;Cie FROMAGERE VALLEE DE L'ANCE;2019;;;256135;
0006802185;Papeteries de Saint-Girons Sas;2019;1243616;849900;2811;
0007000540;BLEDINA;2019;;;676950;
0007206418;IFF;2019;655013;;7352;
0007402709;ECOPUR;2019;29086;;1883;
0007202778;ROUSSELOT ANGOULEME SAS;2019;;1403075;31584;
0007000110;CCM SARL;2019;4701994;;3268;
0005504192;ELIS FOUGERES (ex BBL);2019;37009;;;
0052901266;COMPAGNIE LAMPAULAISE DE SALAISON;2019;115696;;16601;
0006301119;QUALIPAC ALUMINIUM;2019;;;50736;
0052901771;SCEA DES AJONCS;2019;11680;;;
0005701339;FORGES DE COURCELLES;2019;;56386;;
0052204603;SCEA BALUSSON;2019;;32392;;
0005300633;SOCIETE FROMAGERE DE CLECY;2019;;;98617;
0007402245;CLIMESPACE  (i738);2019;;;133990;
0006802640;Sage Automotive Interiors Fr;2019;40142;;6841;
0006103844;RENAULT TRUCKS SAS;2019;274139;;56297;
0055601815;EARL LE COCHON DE SAINT UTEL;2019;8000;;;
0006300974;ELENGY;2019;;122901872;66475;
0005401144;Aperam Stainless France;2019;;1028688;48851;
0005520241;SPECIALTY MINERALS FRANCE (ex SOLVAY);2019;;;53679;
0055100052;LES ELEVEURS DE LA CHAMPAGNE;2019;105291;;602;
0005300005;FLECHARD;2019;220510;;2493;
0006411944;INEOS TECHNOLOGIES FRANCE SAS (ITF);2019;;137497;3628;
0006105232;MAJ ELIS RHONE-ALPES;2019;86154;;2664;
0055602148;EARL DES PINS;2019;12432;;;
0006500251;SAMIN;2019;239653;;;
0006103291;SNF SAS ANDREZIEUX;2019;;;682772;
0005601337;ENTREMONT ALLIANCE;2019;;;141370;
0058600522;AXIOM - ELEVAGE DE CHANTELOUP;2019;29818;;97;
0009069929;CEA Marcoule;2019;;11049500;;
0005700579;SOCIETE DES CARRIERES DE L'EST;2019;18000;;;
0005800348;ExxonMobil Chemical France;2019;;;755248;
0006400955;NAPHTACHIMIE ;2019;;11984448;197657;232677408
0005800454;CARRIERES ET BALLASTIERES DE NORMANDIE;2019;;325985;;
0052902578;SOCIETE JEAN MARIE MINGAM;2019;;17582;;
0006103495;BOURG INDUSTRIE (EX AUFIGEST);2019;;7606;494;
0050100576;SARL ELEVAGE DES MARAIS (EX MATHIEU);2019;12366;;;
0007002443;YKK FRANCE;2019;18907;;1680;
0005200531;MAJ ELIS;2019;111622;;3861;
0007000532;FERRO Performance Pigments France;2019;;;209755;
0010000496;BALSAN SA;2019;53954;;1119;
0006802339;YEO FRAIS;2019;;45678;369388;
0007000727;RENAULT DOUAI SNC;2019;;540366;70207;
0006102312;CANSON SAS;2019;;435470;1441;
0006202598;SOCIETE FROMAGERE DE XERTIGNY;2019;159000;;177;
0005700388;CARRIERES DE L'EST;2019;30000;;;
0007000853;C&D FOODS France;2019;;;383458;
0055602062;BERNARD SA;2019;;27917;351207;
0006301144;ZaCh System SA;2019;;;92431;
0006100956;BUDILLON RABATEL;2019;57516;;;
0005425537;DUC;2019;296602;;435;
0005401583;BTB Initial Longvic;2019;35787;;761;
0005101668;ARKEMA;2019;;58000;1879;
0006103061;CALOR S.A.;2019;;17103;;
0007000100;BRIQUETERIES DU NORD SA.;2019;;198000;;
0006101092;BUDILLON RABATEL;2019;18244;;;
0052903665;EARL MAZE;2019;7720;;;
0006505935;CEFIVAL;2019;14114;;;
0006305478;BONILAIT PROTEINES;2019;;;74226;
0005200378;VALBOM;2019;;;175596;
0054400758;SARVAL Ouest;2019;;29152;138564;
0005500170;ENTREMONT ALLIANCE;2019;105683;;233055;
0006400913;IMERYS PCC France  (ex Solvay SF ex-CCP);2019;;1108461;181980;
0006404176;CHANTIER NAVAL DE MARSEILLE (formes 8-9);2019;;;60000;5500
0006300949;AIRBUS OPERATIONS SAS;2019;;;80723;
0006105224;PRAYON;2019;875245;;1619;
0007000830;Peugeot Citroën Mécanique du Nord Ouest SNC;2019;;;86192;
0005106026;SUEZ Eau Industrielle (ex ONDEO IS);2019;;732499;7449;
0054200370;AOSTE SNC;2019;;;87972;
0005600372;CONSTELLIUM ISSOIRE;2019;340739;1078487;147401;
0005401220;VERALLIA FRANCE;2019;146510;103026;8929;
0006204579;SOLEVAL FRANCE;2019;7356;;19710;
0009000285;Site de BALARD;2019;1091511;;;
0055601934;EARL DU MANEGUEN;2019;22995;;;
0009069912;EDF - CNPE de Gravelines;2019;16431;;781000;6213645300
0056100002;ELIVIA ALENÇON;2019;;;69961;
0006000348;PANNEAUX DE CORREZE;2019;;126152;3193;
0006201561;UEM;2019;28541;17452500;45976;
0053800504;MARTINET SAS;2019;;;124532;
0005601311;SOCOPA VIANDES;2019;;;321584;
0005500035;KERMENE;2019;;750661;34182;
0006700422;DOW AGROSCIENCES SAS Drusenheim;2019;54250;;6253;
0022100053;SOCREMA;2019;;;69365;
0006201864;JOHNSON CONTROLS SARREGUEMINES SAS;2019;;;61970;
0052902128;EARL KERVEILLANT;2019;9150;;;
0051700542;ARMOR PROTEINES;2019;996470;;460;
0055603514;SCEA MAINGUY-LE GRAND;2019;9200;;;
0005516445;HYDRACHIM;2019;14040;;13244;
0006303168;PIGEON GRANULATS LOIRE ANJOU;2019;76090;;;
0006802032;CEMEX GRANULATS SUD-OUEST;2019;91447;;;
0005100190;DSP France SAS;2019;573286;1020470;17027;
0057903021;EURIAL;2019;;;167431;
0006301360;CELIA - LAITERIE DE CRAON;2019;174102;;359202;
0005101524;EJ Picardie;2019;66430;;;
0006400463;AZUR DISTILLATION;2019;28320;44233;4885;
0005500150;LES LAVANDIERES SAS;2019;58531;;4392;
0006506270;ENERTHERM;2019;;229938;15596;
0006209481;Les Sablières de la Meurthe;2019;387990;;;
0054201345;EAUX MINERALES DE SAINT ALBAN LES EAUX;2019;53297;;534531;
0052903539;SCEA DES PEUPLIERS;2019;7241;;;
0009000020;BA 106 Bordeaux-Mérignac;2019;49828;;1582;
0052902968;EARL DE KEROUGANT;2019;12115;;;
0010001496;ROCAL;2019;143525;;493;
0005100886;GIMA;2019;23722;;12438;
0005105624;ETEX FRANCE BUILDING PERFORMANCE;2019;26394;;2343;
0006102464;EURECAT FRANCE;2019;;121594;3411;
0006700433;Vynova PPC SAS;2019;;5768183;194661;
0006400537;LOUIS MARTIN PRODUCTION;2019;45613;;426;
0007000666;ARDO-VIOLAINES SAS;2019;311528;;823;
0010000316;EXPANSCIENCE;2019;15145;;70570;
0005500169;BROCELIANDE ALH;2019;;;195557;
0052204018;SCEA ELEVAGE DE LISNOBLE;2019;14500;;;
0007000788;COPALIS INDUSTRIE;2019;;;68281;2178000
0005503275;CHARIER CM;2019;;88518;;
0007001046;LESIEUR;2019;;223608;271896;
0006103703;FRESENIUS MEDICAL CARE SMAD;2019;;;450481;
0006202174;MARCILLAT CORCIEUX site ETS ASMAR;2019;109861;;182;
0006205051;WELLMAN NEUFCHATEAU RECYCLAGE;2019;;;124629;
0007000930;TEINTURERIE DE LA JUSTICE;2019;28802;;287;
0006200776;ARCELORMITTAL CF;2019;430000;;182873;
0006600459;KONINGS SPIRIT & DRINKS FRANCE;2019;31201;;3216;
0005103922;SAICA PACK (ex RCO);2019;36189;;927;
0005901400;ISOLA COMPOSITE FRANCE;2019;11384;;775;
0005701946;DISLAUB;2019;342069;;1094;
0006700412;TREDI Hombourg;2019;9775;;8555;
0022200040;SAEM LE GALION;2019;;128849;;
0006505334;Société JR;2019;37791;;4060;
0005301826;PAPECO;2019;;165853;6487;
0010000802;ANTARTIC;2019;695623;;;
0007001999;KALHYGE1 Unité de Bethune;2019;39949;;;
0005501217;NESTLE PURINA PETCARE FRANCE (SAS);2019;;;62916;
0010000951;CGES (Cie Générale d'Eau de Source);2019;376643;;;
0005302264;LISI AUTOMOTIVE NOMEL;2019;;;52855;
0058600167;SAS LES ELEVAGES DU MAS LONG;2019;19800;;;
0005100240;ANETT (ex HYRIS);2019;59777;;7884;
0007002568;LIOT;2019;;;62572;
0005303674;COMPAGNIE DES FROMAGES & RICHESMONTS;2019;119938;;170144;
0006802467;SOCIETE FROMAGERE DE RODEZ;2019;;283140;92174;
0058501547;EURALIS GASTRONOMIE;2019;2684;;106418;
0052100705;GROUPE BIGARD;2019;;;72749;
0006102857;FINORGA-AXPLORA;2019;1362853;;42836;
0010001558;SDH FER;2019;12477;;2140;
0006301207;TOTALENERGIES RAFFINAGE FRANCE;2019;;;3807977;
0005100949;LEBRONZE ALLOYS (ex BRONZE INDUSTRIEL);2019;423980;;3130;
0009069904;EDF - CNPE de Paluel;2019;;653000;;3889352960
0006103282;STEPAN EUROPE SA;2019;33750;;50421;
0006601737;Société NESTLE WATERS SUPPLY SUD;2019;2743541;;;
0057201665;CHARAL;2019;;;264589;
0010200056;CEMEX GRANULATS RHONE MEDITERRANEE;2019;;46100;;
0006301184;Auto Châssis International;2019;;2056764;170969;
0007004595;DUNKERQUE LNG;2019;;;10201;176920512
0053800226;SA CARREL - Site Viande;2019;10458;;;
0055100276;SCEA LES ROULIERS;2019;17000;;;
0007006492;ALIPHOS ROTTERDAM BV;2019;;420612;1018;
0009069933;EDF - CNPE de Dampierre-en-Burly;2019;71853;184594384;;
0006104438;FERROPEM;2019;;1140000;100;
0005105241;COFELY GDF SUEZ;2019;;;117700;
0005700716;SOCIETE DES CARRIERES DE L'EST;2019;16000;;;
0005202602;SIAP / PROCINER;2019;;3021;90986;
0006506767;REP;2019;45143;;2746;
0006000305;COMPAGNIE MADRANGE LA VALOINE (SASU);2019;4;;123745;
0005104640;LACTINOV (EX UNILEP);2019;217168;;3122;
0006200139;CROWN BEVCAN;2019;;;174741;
0005100497;LES FROMAGERS DE THIERACHE;2019;;;421757;
0006105217;PRYSMIAN ENERGIE CABLES SYSTEMES FCE;2019;13577;;1901;
0005205784;MAGNA PT Bordeaux SAS;2019;;27867;9194;
0005801086;TANK SOLUTIONS NORMANDIE;2019;;;84493;
0053500772;CORNILLE SAS;2019;;;50924;
0010400069;NCV PRODUCTION;2019;229798;;1353;
0005900239;BUTAGAZ SAS;2019;;17496;207;
0053500475;LAITERIE CORALIS;2019;124966;;125255;
0007206026;LOCATEX;2019;;44613;689;
0006200939;LACTO SERUM FRANCE;2019;1062320;;5572;
0006000414;ALLARD EMBALLAGES;2019;;10748;1013;
0007001026;SNCZ;2019;113791;;0;
0006107481;INITIAL SA;2019;;11611;24011;
0006202114;UNION LAITIERE VITTELOISE;2019;;;442690;
0009000153;DA 273;2019;20369;;;
0016400376;MEWA SARL;2019;;;101845;
0006401327;Société des Carrières de La Menudelle;2019;54904;;;
0006802560;ECONOTRE;2019;;119047;24062;
0010000953;CHAMBON (générale eaux minérales nature);2019;558607;;;
0006506733;MAJ ELIS;2019;;;60039;
0006201477;CEDILOR;2019;;;51365;
0052902997;EARL DES PEUPLIERS;2019;11225;;;
0007000821;NYRSTAR FRANCE;2019;;1837699;66236;
0005301510;SOCIETE FROMAGERE DE SAINTE CECILE;2019;;;348707;
0006102913;MULTIBASE;2019;69955;;;
0005102169;DAILYCER FRANCE SAS;2019;;;72185;
0006000385;INTERNATIONAL PAPER;2019;;24436858;;
0058601079;MARIE SURGELES;2019;;;99015;
0052600297;PROVENT SDPR (ETOILE);2019;8500;;;
0055614724;SCEA DE KERCADO;2019;8082;;;
0006601493;CMSE - Carrière de Sainte Colombe;2019;24800;;;
0005202026;ANTARCTIC FOODS  AQUITAINE (ex PINGUIN);2019;196242;;2262;
0051200281;EARL LANDAPORC;2019;7450;;;
0007101810;GRANULATS DE L'EST;2019;31761;;;
0005500088;FERTIVAL SA;2019;;;71389;
0007001023;ENERGIE GRAND LITTORAL;2019;;;83000;
0005518519;Eurosérum;2019;;;139290;
0006101463;LAFARGEHOLCIM ex LAFARGE GRANULATS;2019;72355;;;
0005800429;AHLSTROM SPECIALITIES;2019;;455507;;
0005200251;SANOFI WINTHROP INDUSTRIE;2019;108968;;12672;
0006207853;GAZEL ENERGIE GENERATION;2019;4018169;534160;;
0005701706;SUN DESHY;2019;39210;;622;
0006506104;HAUGUEL (Distillerie);2019;;783360;3377;
0052501135;SOCIETE FROMAGERE DE VERCEL LACTALIS;2019;;;56075;
0052904271;EARL DE KEROPARTZ;2019;9188;;;
0007000979;INTEROR;2019;;;139121;
0058600072;SCEA DU RIVAULT;2019;40700;;;
0010005083;SKF FRANCE;2019;68635;;3668;
0052400446;GAEC PECH DU DOGNON;2019;12000;;;
0058600546;SOCIETE DES ELEVEURS DE MOUTONS POITOU;2019;;;80036;
0007208217;EDF (OPTIMAL SOLUTIONS);2019;146826;;;
0005100918;SPONTEX;2019;3454681;1270663;13677;
0005300235;Saint Louis Sucre Site de Cagny;2019;67313;0;38000;0
0006410379;INEOS DERIVATIVES LAVERA LPG (IDL - LPG);2019;;865248;15980;37668000
0006400455;APTUNION;2019;;232993;3710;
0055602952;LORCO;2019;;;165144;
0007000894;DUCHENNE (Centre Hospitalier du Dteur);2019;;;87000;
0010800497;FCMP;2019;524806;;583;
0006802437;ABATTOIR DE CAPDENAC SARL;2019;;;52917;
0009069922;Orano Cycle Tricastin;2019;1804982;592097;86054;
0006104577;HACER TRAITEMENTS DE SURFACE;2019;108205;;12466;
0005401696;PAPREC PLASTIQUES SAS;2019;;38254;1299;
0005800439;CHEVRON ORONITE SAS;2019;;857709;43018;
0052902347;SCEA KERGONCILY;2019;12630;;;
0006511727;CEA;2019;;212563;533846;
0006401428;EPC FRANCE;2019;21540;;;
0054901272;GRASSET Dominique (EARL);2019;;9900;;
0005800620;SAFRAN AEROSYSTEMS;2019;51100;;4249;
0052215635;SARL CJA (CARO JULIEN AVICULTURE);2019;10950;;;
0006300713;CARRIERES TAVANO SA;2019;;403720;102;
0006407835;MAJ SA;2019;69589;;1105;
0053700731;INST NATIONAL RECHERCHE AGRONOMIQUE;2019;54815;;;
0006400442;WAVIN France;2019;8928;;;
0005500031;ELIS BRETAGNE (STE);2019;;;72328;
0006401268;LAFARGEHOLCIM GRANULATS;2019;113176;;;
0006104025;MERCK SANTE;2019;18236;;32597;
0005200259;YARA FRANCE;2019;68530;117453;3384;
0005200391;PAPETERIES DE BEGLES (SAPB);2019;;1444872;29466;
0005800610;SAINT LOUIS SUCRE;2019;81317;;;
0006103190;PEC TREDI;2019;1281286;;133460;
0052901305;SCEA BARON;2019;18000;;;
0055601358;DELIFRANCE SA;2019;;;53771;
0005901928;GE THERMAL MANUFACTURING(exALSTOM POWER);2019;32103;;7338;
0006401013;SOLAMAT MEREX;2019;;;52896;
0007001242;Malteurop;2019;132212;;1978;
0005501387;PSA PEUGEOT CITROEN;2019;155027;;129027;
0006503227;TECHNOCENTRE RENAULT;2019;;;81531;
0005200721;UCVA;2019;71174;;;
0006102443;FABRICATION CHIMIQUE ARDECHOISE;2019;99570;;10065;
0007201028;GSM Secteur Centre;2019;9919;;;
0006506313;SHELL(ExSOCIETE DES LUBRIFIANTS DE NANT);2019;;35771;16262;
0005102153;SAINT LOUIS SUCRE;2019;389540;145135;16483;
0006303999;CHARIER CM - CARRIERES ET MATERIAUX;2019;442300;;;
0005200359;SAIPOL SA;2019;225450;;135198;
0007000829;FRANCAISE DE MECANIQUE;2019;;333870;22036;
0006103975;Air Liquide France Industrie - site de Feyzin;2019;1630276;;;
0010200051;Le Moulin de la Chaume;2019;33580;;23086;
0005802304;LUNOR DISTRIBUTION;2019;;;308709;
0005200592;SAFT SAS;2019;;;98081;
0006700407;SOCIETE EUROPEENNE DE STOCKAGE D1;2019;;11393;1081;
0005600267;PEM;2019;;66540;;
0006700421;DU PONT DE NEMOURS-Cernay;2019;27121;;12814;
0006301216;FROMAGERIES PERREAULT;2019;65328;;472840;
0006500665;SAVERPLUS (ex. VERRE PLUS);2019;7947;;8368;
0054401527;DELABLI - Division DELPIERRE;2019;;;92761;
0006700674;STAL;2019;;52045;16425;
0010003836;KNAUF INDUSTRIES;2019;34140;;;
0007000523;EXIDE TECHNOLOGIES SAS;2019;96194;;12936;
0009079001;UDEP-BELFORT;2019;;;137176;
0022200100;BRASSERIE LORRAINE;2019;;;51341;
0005801029;POLYTECHS SAS;2019;;;54167;
0005701531;TEREOS STARCH & SWEETENERS EUROPE;2019;557960;;;
0058500614;SAVIC;2019;40238;;5000;
0006506444;SNCF TECHNICENTRE LE LANDY;2019;;;148404;
0022200064;SNYL (Sté Nouvelle des Yaourts Littée);2019;;;54339;
0050100925;ATEMAX FRANCE;2019;35740;;516;
0006103973;TOTAL RAFFINAGE France;2019;1575214;5123961;101490;
0005101157;AmphastarFrance Pharmaceuticals;2019;340220;;;
0005205103;ARKEMA  France SA;2019;;761779;;
0057400154;SOCIETE FROMAGERE D ETEAUX;2019;;;121848;
0006801162;SOCARL;2019;30000;;;
0054201363;SAEM EVIAN SOURCE BADOIT;2019;273779;;70973;
0006202551;BONGRAIN GERARD;2019;94546;171363;188090;
0005200264;Société Pétrolière du Bec d'Ambès (SPBA);2019;;8071;27966;
0006400243;HYDRO EXTRUSION PUGET;2019;;66922;1925;
0054200012;LACTALIS NESTLE ULTRA FRAIS MARQUES;2019;201970;;8091;
0005800431;NEXIRA;2019;;;167491;
0006401029;ESSO Raffinage SAS;2019;6288069;;;
0007000703;SECAB SARL;2019;666527;;1197;
0007001335;O-I FRANCE SAS (ex O-I MANUFACTURING);2019;95170;;2500;
0005801765;FROMAGERIE BOURSIN;2019;65005;;706;
0006401245;DELORME SAS;2019;11518;;;
0006103589;MAT;2019;193475;;1074;
0006401297;BRONZO;2019;34668;;;
0005402675;CHU;2019;14068;;4307;
0006401052;ARCELORMITTAL Méditerranée;2019;;;20551104;
0005701446;GOYARD JEAN DISTILLERIE;2019;124395;;200;
0006400998;SOLAMAT MEREX;2019;;;73858;
0052201642;SCEA DU MOELOU ex SARL;2019;21900;;;
0052903402;GAEC DU STANG;2019;8370;;;
0006301012;SOCIETE FROMAGERE DE CHARCHIGNE;2019;;;223232;
0005901637;PERNOT S.E.T. (Champdivers);2019;52009;;;
0006104358;SAVOIE DECHETS;2019;;;50278;
0006102564;BOIRON FAUGIER G.I.E;2019;2229400;;6663;
0005201068;CHU Hôpitaux de Bordeaux;2019;;;189410;
0052900751;SCEA NOVA LAND;2019;10336;;;
0006402259;SERAMM Usine des boues;2019;;95254;45823;
0007204397;KNAUF INDUSTRIES OUEST;2019;;25007;;
0052901675;SCEA DE PRATENOU;2019;13600;;;
0009075101;STEP REIMS;2019;245187;;;
0007402356;MAJ;2019;105236;;1776;
0006400772;ARDAGH METAL BEVERAGE FRANCE SAS;2019;;;139924;
0006900563;EDF PEI Pointe Jarry;2019;;;2500;21000
0007001176;LESAFFRE (Société Industrielle);2019;1931354;2936331;11980;
0006700538;ALSACHIMIE;2019;54321884;91535544;97977;
0006301264;FLEURY MICHON LS;2019;;;87351;
0007000610;ROYAL CANIN SAS;2019;;;63337;
0006207759;SAS GRANULATS VICAT;2019;;286389;;
0006600812;O-I FRANCE SAS;2019;15168;;98872;
0052901980;EARL ROUSVAL;2019;8695;;;
0010400068;EDF ENR PWT;2019;171795;;;
0006802449;NUTRIBIO;2019;142445;;358587;
0007000952;SOMMER NEEDLEPUNCH;2019;16418;;2874;
0005600023;ERASTEEL SAS;2019;;;69483;
0058700712;SAS LES ELEVAGES DU MAS LONG;2019;17000;;;
0052216354;SCEA MEZELINE;2019;12410;;;
0007000508;COMILOG ex Dunkerque Electrométallurgie;2019;38149;;55261;
0057400055;GROUPE BIGARD;2019;;;99120;
0058900588;FROMAGERIE LINCET;2019;70854;;;
0009072501;STEP - PORT-DOUVOT;2019;74330;;380;
0006105017;MATEL COULEURS TEXTILES;2019;19722;;59303;
0006800003;SAS SEVIGNE INDUSTRIES;2019;;9555;;
0006400277;ARIANEO (ex SONITHERM);2019;;407090;21140;
0005401845;ALFA LAVAL PACKINOX SAS;2019;;7290;398;
0006701320;FLENDER GRAFFENSTADEN;2019;78780;;2226;
0009000005;DGA Essais propulseurs;2019;6068;37703;0;0
0006700630;KUHN SAS;2019;45684;;;
0052902739;KERENES (SAS de);2019;13100;;;
0005301789;MLC SOTTEVAST;2019;1056530;;69615;
0006702686;TRONOX FRANCE SAS;2019;245919;;40216;
0006700467;PSA Peugeot Citroën SNC Mulhouse;2019;1232117;;;
0010003779;MALTERIES FRANCO SUISSES;2019;521792;;;
0005503336;CELTARMOR;2019;;;4852;33881
0058600141;BONILAIT PROTEINES;2019;604030;114463;4747;
0006300283;CHARIER CM - CARRIERES ET MATERIAUX;2019;492600;;;
0006510526;SEOP (EX SEVESC Louvecienne);2019;23090208;;;
0006502951;GENERIS;2019;10300;;11492;
0006802215;DANONE;2019;;270929;;
0005600543;IMERYS CERAMICS FRANCE;2019;;13500;;
0052203031;SCEA ROBERT JF;2019;;9265;;
0028400102;NORD PAL PLAST;2019;39588;;;
0006802505;ARKEMA;2019;;6669246;20946;
0005800416;POCHET DU COURVAL;2019;549025;;13244;
0005301618;SAINT ANDRE PLASTIQUE;2019;18151;;;
0006104050;NEOVALY;2019;;;157475;
0006400499;SEPR;2019;992536;;32316;
0006301093;ETABLISSEMENTS LOUIS TESSIER;2019;90022;;336527;
0007000581;ASTRAZENECA DUNKERQUE PRODUCTION;2019;;;51996;
0005702103;PETIT BATEAU;2019;88107;;1199;
0006505997;AEROPORTS DE PARIS - CTFE;2019;;;91044;
0054400466;GAEC DU DOMAINE HAMON;2019;9620;;;
0005401056;BIOXAL;2019;29560;;725;
0006601905;ROYAL CANIN;2019;480;;56774;
0005100964;Initial Services Textiles ex BTB;2019;37452;;;
0005201806;MLPC International SA;2019;;280042;5827;
0006100606;LHG Eurre;2019;16377;;;
0006300025;SOCAC;2019;;101300;;
0006501167;BOREALIS CHIMIE;2019;991735;;355450;
0006103725;Polytechnyl;2019;12581222;2512028;24139;
0005800459;BUTAGAZ TRANSITION SAS;2019;;22290;1040;
0006200720;KIMBERLY CLARK SAS;2019;;1317099;;
0007201539;SOCIETE FROMAGERIES LESCURE;2019;;;180888;
0007000649;ETABLISSEMENTS BOCAHUT SAS.;2019;1510504;;140;
0005303657;SOCIETE FROMAGERE D'ORBEC;2019;182709;578468;773;
0005701178;SMURFIT KAPPA PAPIER RECYCLE FRANCE;2019;419910;;3315;
0006515749;EQIOM Granulats;2019;9837;;;
0052904052;EARL LE GALL;2019;13000;;;
0053501304;SOCIETE LAITIERE DE L'HERMITAGE;2019;;;503545;
0005105479;ELIS PICARDIE RLST SA;2019;45422;;374;
0005100333;LE CREUSET SAS;2019;30227;;5529;
0007002953;DRAKA COMTEQ FRANCE;2019;;;115683;
0005901990;SERTRID;2019;38184;;29377;
0052901867;SCEA DU HARS;2019;15611;;;
0006104664;PAPETERIES DU LEMAN S.A.;2019;2475402;;;
0006103685;ARKEMA FRANCE;2019;9558091;20576612;229785;
0006702252;TANK SERVICES;2019;7062;;772;
0007201384;MARIE SURGELES;2019;;;163319;
0005201996;TIMAC AGRO SA;2019;22650;66384;2084;
0005801230;BOBET;2019;15481;;8448;
0006506564;SIBELCO France;2019;9187;;500;
0007201660;FDL;2019;221598;;18200;
0057100394;GROUPE BIGARD;2019;;;296120;
0055600649;SCEA DE KERDROGUEN;2019;8376;;;
0006401333;LAFARGEHOLCIM GRANULATS;2019;159220;;;
0058600371;SCEA ELIPORC MRS AUTSON DEVANNES;2019;23900;;;
0007405749;ELIS;2019;;;60784;
0007002306;ROXANE NORD;2019;720290;;;
0006101090;CEMEX GRANULATS RHONE MEDITERRANEE;2019;60894;;;
0006700512;BUTAGAZ SAS;2019;15660;;;
0006207102;TPF;2019;3304089;;61743;
0006502558;SOPRONEM;2019;121018;;31181;
0006506525;AIR FRANCE INDUSTRIES;2019;;;93248;
0005202111;DEPENNE;2019;28328;;207211;
0006507586;CEMEX GRANULATS;2019;74270;94438;;
0006200837;BONDUELLE FRAIS FRANCE;2019;272830;;;
0054901359;AGRÉÉ MULTIPORCS (GAEC);2019;9500;;30;
0005901096;SILAC SNC;2019;27687;;1055;
0006503472;FAPROREAL (ex GMG ex FAPROGI);2019;;;131472;
0010000043;LES VOLAILLES DE BLANCAFORT;2019;157346;;;
0052904150;EARL DU COSQUER;2019;11170;;;
0005202690;ARKEMA France;2019;29039;558366;28755;
0006103223;GRENOBLE-ALPES METROPOLE;2019;62102;;4001;
0006301299;NORPAPER NANTES;2019;;642181;23028;
0006201313;ASCOMETAL HAGONDANGE SAS;2019;;;839397;
0006102822;PCAS - SEQENS;2019;996575;;4562;
0006103727;ELKEM SILICONES FRANCE SAS;2019;2701908;;84198;
0005302137;HME BRASS FRANCE SAS;2019;109913;;4564;
0005400357;EQIOM GRANULATS;2019;21000;;;
0010600063;GERFLOR TARARE SNC;2019;;;83288;
0007201208;TIMAC AGRO;2019;;10539;5873;
0006700653;TRONOX FRANCE SAS;2019;427745;1709861;13353;
0006506903;GSM Ouest (criblerie Carrières\Poissy);2019;;91950;;
0006102269;SPEICHIM PROCESSING S.A.;2019;;;66435;
0006601671;ANETT DIX;2019;40355;;;
0006301613;FLEURY MICHON LS;2019;;;99191;
0005304251;Société Nouvelle CIBEM;2019;8972;;1883;
0006201020;EUROSERUM;2019;;;187892;
0005904207;SCE (Osselle);2019;;47650;;
0052902706;LE ROY (EARL);2019;14260;;;
0007000955;ARCELORMITTAL  ATLANTIQUE et LORRAINE;2019;;661216;45971;
0006803856;Bois Ariégeois & Charpentes;2019;;53416;;
0007003919;PANAVI;2019;;;115761;
0007000643;BORAX FRANCAIS;2019;;606732;14281;
0006201051;MANOIR INDUSTRIES;2019;;206886;38924;
0012400003;VON ROLL ISOLA FRANCE - SAMICA;2019;;599991;620;
0006301359;SOCIÉTÉ INDUSTRIELLE DE SAINT FLORENT;2019;;194946;233382;
0006801192;SOC DES ETS RESCANIERES;2019;;71620;;
0006400928;APPRYL;2019;;95954;3848;34578744
0052903132;SCEA DE L HIPPODROME;2019;10047;;;
0005601319;LAITERIE WALCHLI;2019;;;105409;
0053503227;SOCIETE LAITIERE DE VITRE;2019;;;632739;
0006104504;Framatome Ugine;2019;;69720;121640;
0005201250;ROXEL FRANCE;2019;;132374;;
0052202585;SCEA DU CHAMP RATEL;2019;11839;;;
0006300981;Fromageries Bel Production France;2019;;;501554;
0007203658;NAVAL Group (ex DCNS-Equipements navals);2019;;36039;13899;
0006700469;CONSTELLIUM NEUF BRISACH;2019;17813488;;;
0051200228;LE PORC DU MAYNIE;2019;7900;;;
0007001034;SNCF - TECHNICENTRE D'HELLEMMES;2019;12920;;;
0054200292;NIGAY S.A.;2019;36491;;65047;
0006103721;Polytechnyl;2019;1319307;;;
0005101758;EUROSERUM;2019;;196476;;
0052905018;GAEC BESCOND;2019;18000;;;
0007001044;LACTALIS NESTLE ULTRA-FRAIS MARQUES;2019;339313;;24;
0005204565;DRAGAGES DU PONT DE LESCAR;2019;30680;;;
0006103760;TEINTURE DE SAINT JEAN                xx;2019;;;66559;
0005600022;ADISSEO FRANCE S.A.S;2019;;1904233;20444;
0052901215;SOCIETE PERON;2019;175867;;;
0006102781;SFS INTEC;2019;17933;;4955;
0052201334;GAEC DES BOIS;2019;21250;;;
0006506043;CYDEC - Groupe PAPREC (ex CGECP );2019;139524;;37552;
0005801048;SATIMAT;2019;9676;0;171;0
0052602848;BERNARD ROYAL DAUPHINE;2019;9350;;8364;
0005501798;SOCIETE KERLYS;2019;216662;0;123165;0
0005202659;CANDIA;2019;739627;;647;
0054400707;AGIS Etablissement d'Herbignac;2019;;;101960;
0005302774;BOLAIDOR Sté Laitière du Bocage Ornais;2019;38609;54207;13133;
0054902244;ESPERANCE (GAEC DE L');2019;10490;;;
0006606082;Carrière SARL PATEBEX Brasse Cournanel;2019;;53775;;
0005800412;SANOFI CHIMIE SA;2019;11321495;;24335;
0005503270;CHARIER CM;2019;;67804;;
0006600247;Orano Cycle Malvesi;2019;;100206;131329;
0006103731;RHODIA OPERATIONS;2019;8677108;9721999;53456;0
0007006604;Brasserie GOUDALE (Ex BRASS DE GAYANT);2019;61143;;423863;
0005500110;LDC BRETAGNE;2019;;;120217;
0007000481;HSWT (ex HYET SWEET);2019;;290567;161091;
0005702355;UNILIN SAS;2019;;;303719;
0005201623;NANKAI PLYWOOD ROLPIN (NP ROLPIN);2019;14730;;0;
0006102767;POLYTECHNYL (ex RHODIA);2019;143703;;1493;
0009000294;CENTAC - 1 BCP;2019;217066;;;
0010000740;STMICROELECTRONICS SAS;2019;;;443959;
0006401988;APTUNION;2019;;48997;7651;
0006401076;Air Liquide France Industrie;2019;;;467586;
0006302265;TOQUE ANGEVINE (LA);2019;;;80790;
0052902416;SCEA DES SOURCES;2019;19000;;;
0057400291;FROMAGERIE DES HAUTS DE SAVOIE;2019;;;114885;
0052902481;SCEA POULIQUEN;2019;20794;;;
0006303152;ARRIVE;2019;;;120793;
0006701390;SAS des GRAVIERES DE LAUTERBOURG;2019;;995850;;
0006803059;ANETT 5;2019;;41439;7527;
0006102364;OI FRANCE SAS;2019;;23003;3362;
0055601806;SCEA PINIER JOSSO;2019;14783;;;
0006400908;SIRAP GEMA (NOVES);2019;460740;;;
0057201666;SASU MARIE;2019;;;106278;
0010000765;SYNTHRON;2019;179287;;;
0005802143;EDF;2019;;;397339;589168770
0058100457;PORCI SEGALA;2019;12300;;;
0005701236;LAFIS BOLOGNE;2019;;114303;63923;
0005500107;COOPERL ARC ATLANTIQUE;2019;;;597849;
0006102350;LAFARGE CIMENTS;2019;35808;3192;;
0010001800;ICOPAL;2019;;524009;11173;
0016300219;AQUAMARK SAS;2019;332316;;;
0006102526;CHEDDITE FRANCE S.A;2019;8907;;3218;
0005100154;ARF SA;2019;;108000;;
0005601317;SOCIETE FROMAGERE DE RIOM;2019;82169;;61136;
0006700048;SARL GRAVIERE ET SABLIERE HUBELE;2019;186392;;;
0006206235;PAPETERIES DES VOSGES;2019;;488591;1406;
0053800472;DANONE PRODUITS FRAIS;2019;704208;;;
0006702475;NOVARTIS PHARMA SAS (biotechnologie);2019;;756903;245254;
0005102505;SAINT LOUIS SUCRE SNC;2019;213176;;12581;
0006104158;HCL - GROUPEMENT HOSPITALIER EST;2019;;;136018;
0051000230;ARSON (SCEA des);2019;10000;;;
0052205533;EARL DE LA BOURDONNIERE;2019;11430;;;
0006104028;CHROMALPES;2019;11272;;2278;
0006802180;Forges de Niaux;2019;;506016;;
0006300878;MICHELIN;2019;;73415;3139;
0056800039;SARVAL EST;2019;52861;;7761;
0052904352;EUROSERUM;2019;;1464694;72330;
0005200998;MEDA  MANUFACTURING SAS;2019;8106;;39798;
0053500728;GAEC LA SAPINIERE;2019;9394;;;
0006517025;MAJ;2019;171443;;;
0006104785;BECTON DICKINSON;2019;786218;;72746;
0006807478;SABLIERES MALET - CAZERES;2019;42480;;;
0010001766;Aalberts Surface Technologies;2019;52442;;26420;
0006200037;SOVAB;2019;;;298213;
0006102152;CARRIER SCS;2019;14521;;12723;
0006201894;ArcelorMittal France - Cokerie;2019;;;319861;
0005301060;COOPERATIVE ISIGNY SAINTE MERE;2019;1148116;;33811;
0006102760;AGRANA FRUIT FRANCE;2019;156216;;14587;
0005701322;BONGRAIN GERARD (usine);2019;121592;194380;2948;
0058502756;ARRIVE S A S -ST FULGENT;2019;;;300655;
0009000203;Office national d'études et recherches aérospatiales;2019;17579;277200;;
0007001033;PINGUIN (ex SICA DE LA VALLEE DE LA LYS);2019;;;263715;
0006601744;SA des EAUX MINERALES d'EVIAN;2019;249133;;21046;
0006209733;EQIOM BETONS;2019;;10455;;
0006112086;BLANCHISSERIE DU GRAND LYON;2019;38950;;;
0006400895;OMYA  S.AS;2019;;;172494;
0006505098;ARIANEGROUP (ex HERAKLES);2019;;83568;250;
0005200064;BERNARD DUMAS SAS;2019;;857051;;
0005601473;COVIAL SA;2019;;;66335;
0050100894;PARC ORNITHOLOGIQUE - REGIE DEPARTEMENT;2019;45927;;11459;
0005103057;SIBELCO FRANCE;2019;17562;;363;
0005401259;AIR LIQUIDE France INDUSTRIE;2019;9985;;800;
0055603429;SCEA PORCS LANVAUX;2019;12000;;;
0006400651;ARKEMA FRANCE SA;2019;1038811;;11820;
0005200869;L'ELECTROLYSE SAS;2019;21123;;1201;
0006107516;VALRHONA;2019;270052;;16015;
0006102585;SAICA PAPER EL (EX EMIN LEYDIER );2019;3153525;;;
0007002325;GLAXOSMITHKLINE;2019;;;162680;
0006401247;LAFARGEHOLCIM GRANULATS;2019;11843;;;
0030100145;SPECIALTY MINERALS FRANCE;2019;;;69641;
0052900420;SOCIETE LAITIERE DE PONTIVY;2019;32646;;54;
0006104259;Givaudan Lavirotte (Groupe ISALTIS);2019;130969;;205217;
0055301450;HOLVIA PORC;2019;;;86295;
0007207175;SYNDICAT DES EAUX;2019;;13420938;;
0005800413;REVIMA;2019;;16956;22835;
0006700526;ARLANXEO Emulsion Rubber France SAS;2019;1964732;;;
0009075401;Station du Grand Nancy située à MAXEVILLE;2019;160449;;33617;
0053501906;COOPERL ARC ATLANTIQUE;2019;;;428300;
0006401183;SEC;2019;21529;;;
0006601339;LAFARGEHOLCIM Granulats (V.Maguelonne);2019;14572;;;
0005800523;NESTLE France;2019;903855;;5175;
0054902308;FORET DE BONAMY (GAEC LA);2019;8750;;;
0006600407;Ets LAZARD;2019;151516;;;
0005500149;LOUDEAC VIANDES;2019;;;213644;
0052902065;AR BRUG (EARL);2019;13477;;;
0006301171;SARREL;2019;;;98673;
0006102962;UMICORE SPECIALTY POWDERS FRANCE;2019;128450;;10972;
0006301411;CARGILL FRANCE SAS;2019;;;216684;
0006410873;KEM ONE;2019;;;444333;
0006400528;CHARLES FARAUD;2019;153232;;12212;
0052903755;EARL DE KERVENAN;2019;7468;;;
0007000620;VYNOVA MAZINGARBE  SAS;2019;1337448;;;
0007000720;Ferroglobe Manganèse France SAS;2019;;;220945;
0006103523;OI FRANCE SAS;2019;;63337;9157;
0006300909;LNUF Lactalis Nestlé Ultra-Frais Laval;2019;;;173524;
0006700462;PRODAIR ET CIE Strasbourg;2019;204837;;;
0005801756;PAULSTRA;2019;42111;0;1925;
0005702066;SNCF VOYAGEURS (TECHNICENTRE INDUSTRIEL);2019;37407;;2021;
0005102404;TEREOS  STARCH & SWEETENER EUROPE;2019;6897357;;;
0052901022;EARL PEMOCH AR PONT;2019;16000;;;
0005201939;BIOLANDES TECHNOLOGIES SAS;2019;31701;;77878;
0009076802;STEP - MULHOUSE;2019;512338;;1493;
0006408755;LA PROVENCALE SA;2019;27973;;166;
0006202307;LUCART SAS (ex NOVATISSUE);2019;603960;;1666;
0055602655;SCEA DE KERVREHAN;2019;7839;;;
0006300888;ALVA;2019;;;116219;
0006400371;BIOLANDES;2019;8137;;;
0053502544;ARMOR PROTEINES;2019;;;357798;
0005800370;NUFARM SA;2019;264246;;4213;
0055300181;SOCIETE NOUVELLE DE VOLAILLE - S.N.V.;2019;91729;;64656;
